Code,Test Name,Researcher (x1.1),CIHR-Sponsored (x1.5)
10000,"Cold agglutinins (screen) (qualitative) auto-controls included",3.19,4.35
10001,"Cold agglutinins (thermal amplitude titration) auto-controls included",47.3,64.5
10002,"Cold agglutinins (titration) (quantitative) auto-controls included",24.2,33
10008,"Allo or auto hot adsorption",74.8,102
10009,"Allo or auto cold adsorption",106.7,145.5
10020,"Fetal cells (agglutination) (screening) (qualitative)",21.45,29.25
10021,"Fetal cells (quantitative) (Kleihauer)",21.56,29.4
10024,"Compatibility (manual or automated)",5.5,7.5
10028,"Coombs direct polyspecific or monospecific (automated)",2.97,4.05
10032,"Polyspecific or monospecific direct coombs (tube technique) (manual)",8.69,11.85
10034,"Polyspecific or monospecific direct coombs (gel technique) (manual)",5.72,7.8
10040,"IgG-IgM Differentiation (dithiothreitol-DTT)",8.03,10.95
10041,"Division of labile blood product",11.44,15.6
10042,"Division of stable blood product or breast millk",11.77,16.05
10044,"Donath Landsteiner",11.66,15.9
10045,"Thawing of blood product or breast milk",1.87,2.55
10060,"Elution (eluate identification included)",83.6,114
10085,"ABO-Rh blood group (automated)",6.05,8.25
10086,"ABO-Rh blood group (manual)",7.59,10.35
10110,"Irradiation of blood product in the establishment",11.33,15.45
10111,"Irregular antibodies (automated identification)",31.9,43.5
10115,"Investigation of weak RhD",26.4,36
10133,"Pooling labile blood products",28.6,39
10134,"Common or rare erythrocyte phenotype (patient or product / antigen / including controls) (automated)",4.95,6.75
10135,"Pooling of stable blood products",19.03,25.95
10136,"Common erythrocyte phenotype (patient or product / antigen / excluding ABO, D / including controls) (manual)",12.65,17.25
10137,"Rare erythrocyte phenotype (patient or product / antigen / including controls) (manual",13.97,19.05
10150,"Irregular antibodies (manual search)",8.8,12
10151,"Paroxysmal nocturnal haemoglobinuria (PNH)",103.4,141
10152,"Reconstitution of stable blood product (ex .: clotting factor, immunoglobulins, etc.)",12.98,17.7
10153,"Irregular antibodies (automated search)",5.06,6.9
10170,"Antibody titration (per antibody) (including anterior serum titration)",39.6,54
10173,"Cell treatment (EGA KIT method)",60.5,82.5
10174,"Enzymatic treatment (i.e. ficine) for antibody identification",137.5,187.5
10177,"Removing supernatant",28.6,39
10179,"Syringe insertion of labile blood product",14.63,19.95
10505,"Management of confirmation of administration or transfusion",2.86,3.9
10510,"Receiving and handling an unanalyzed sample at reception (for the exclusive use of the blood bank)",3.3,4.5
10511,"Emission of labile or stable blood products, tissue or breast milk",5.17,7.05
10512,"Prior donation study (by case) (done by a technologist)",7.92,10.8
10513,"Transfusion reaction study (done by a technologist)",15.73,21.45
10515,"Monitoring of blood product demand (performed by a technologist)",7.26,9.9
10531,"Rejection of blood product, tissue or breast milk (done by a technologist)",2.09,2.85
10532,"Packaging of a product (labile or stable)",10.45,14.25
10533,"Packaging for shipment of blood product (labile or stable) OR return back to the supplier",6.82,9.3
10534,"Packaging of products for home administration and collection by the user at the hospital",11.99,16.35
10700,"Reception of labile blood product",2.2,3
10701,"Reception of a blood product (stable), tissue or maternal milk",2.64,3.6
10702,"Quarantine and investigation (including cold chain and recall)",10.45,14.25
10704,"Autologous donation reception, designated or directed (H-Q)",8.14,11.1
10730,"Blood group confirmation",1.87,2.55
19007,"Anti-HLA (screening for anti-HLA class I by Luminex)",1.1,1.5
19008,"Anti-HLA (identification of anti-HLA class I by Luminex)",1.1,1.5
19010,"Anti-HPA and HLA (screening and identification of antibodies by Luminex)",332.2,453
19030,"Freezing autologous stem cells",1.1,1.5
19044,"REF tests sent externally",1.1,1.5
19050,"HPA-2 genotyping by SSP",1.1,1.5
19051,"HPA-3 genotyping by SSP",1.1,1.5
19052,"HPA-4 genotyping by SSP",1.1,1.5
19053,"HPA-5 genotyping by SSP",1.1,1.5
19054,"HPA-15 genotyping by SSP",1.1,1.5
19065,"Genotyping of low RhD type 1,2,3 and 42",212.3,289.5
19073,"HLA genotyping: Locus A low resolution (Luminex SSO)",122.1,166.5
19075,"HLA genotyping: Low resolution locus B (Luminex SSO)",122.1,166.5
19077,"HLA genotyping: Low resolution C locus (Luminex SSO)",170.5,232.5
19080,"HLA genotyping: Low resolution DRB1 locus (Luminex SSO) including DRB3 / 4/5",134.2,183
19082,"HPA-1 genotyping by SSP",1.1,1.5
19085,"Pseudogenic Rh (D), Rh (D) genotyping by SSP",1.1,1.5
19092,"HLA genotyping: Low resolution DQA1 / B1 locus (Luminex SSO)",183.7,250.5
19095,"HLA genotyping: Low resolution DPA1 / B1 locus (Luminex SSO)",170.5,232.5
19099,"R&D genotyping",1.1,1.5
19111,"HLA tests sent externally",1.1,1.5
19302,"Transport of the CSP graft to the hospital on request (by returned graft)",1.1,1.5
19303,"Semi-quantitative determination of IgA",1.1,1.5
19304,"ABO Group",1.1,1.5
19305,"Rh Group (D)",1.1,1.5
19306,"Globular ABO",1.1,1.5
19307,"RhD Group 37",1.1,1.5
19308,"RhD AGH Group",1.1,1.5
19309,"ABO 22 mismatch",1.1,1.5
19310,"ABO 4 mismatch",1.1,1.5
19311,"Preheated serum ABO mismatch",1.1,1.5
19312,"ABO glob discordance Hot washed red blood cells",1.1,1.5
19313,"ABO discordance of enzymated red blood cells",1.1,1.5
19314,"ABO serum sedimentation discrepancy",1.1,1.5
19315,"Preheated serum ABO discordance sedim",1.1,1.5
19316,"EGA globular ABO mismatch",1.1,1.5
19317,"ABO globular mismatch 22",1.1,1.5
19318,"Globular ABO mismatch 4",1.1,1.5
19319,"ABO serum AB mismatch",1.1,1.5
19320,"ABO lectin A1 phenotype",1.1,1.5
19321,"ABO lectin H phenotype",1.1,1.5
19322,"RhD discrepancy Hot washed red blood cells",1.1,1.5
19323,"RhD EGA mismatch",1.1,1.5
19324,"RhD discrepancy 2e source",1.1,1.5
19325,"RhD discrepancy 3e source",1.1,1.5
19326,"ADD (direct antiglobulin test)",1.1,1.5
19327,"TDA detailed tube",1.1,1.5
19328,"Hot washed TDA",1.1,1.5
19329,"Detailed hot washed TDA",1.1,1.5
19330,"Identification of erythrocyte antibodies",1.1,1.5
19331,"Eluat erythrocyte antibody identification",1.1,1.5
19332,"Erythrocyte compatibility test",1.1,1.5
19333,"Inactivation / Inhibition",1.1,1.5
19334,"Titration 1 erythrocyte antibody",1.1,1.5
19335,"Titration of 2 erythrocyte antibodies",1.1,1.5
19336,"Titration of 3 erythrocyte antibodies",1.1,1.5
19337,"Titration of 4 erythrocyte antibodies",1.1,1.5
19338,"Titration of 5 erythrocyte antibodies",1.1,1.5
19339,"Parallel erythrocyte antibody titration 1 Ab (pregnancy)",1.1,1.5
19340,"Parallel erythrocyte antibody titration 2 Ab (pregnancy)",1.1,1.5
19341,"Parallel erythrocyte antibody titration 3 Ab (pregnancy)",1.1,1.5
19342,"Parallel erythrocyte antibody titration 4 and above Ab (pregnancy)",1.1,1.5
19343,"Regular phenotype: C",1.1,1.5
19344,"Regular phenotype: E",1.1,1.5
19345,"Regular phenotype: c",1.1,1.5
19346,"Regular phenotype: e",1.1,1.5
19347,"Regular phenotype: K",1.1,1.5
19348,"Regular phenotype: S",1.1,1.5
19349,"Regular phenotype: s",1.1,1.5
19350,"Regular phenotype: Fya",1.1,1.5
19351,"Regular phenotype: Fyb",1.1,1.5
19352,"Regular phenotype: Jka",1.1,1.5
19353,"Regular phenotype: Jkb",1.1,1.5
19354,"Other regular phenotype: Cw",1.1,1.5
19355,"regular phenotype other: M",1.1,1.5
19356,"Other regular phenotype: N",1.1,1.5
19357,"Other regular phenotype: P1",1.1,1.5
19358,"Other regular phenotype: Lea",1.1,1.5
19359,"Other regular phenotype: Leb",1.1,1.5
19360,"Regular phenotype other: k",1.1,1.5
19361,"Other regular phenotype: Kpa",1.1,1.5
19362,"Other regular phenotype: Kpb",1.1,1.5
19363,"Other regular phenotype: Lua",1.1,1.5
19364,"Other regular phenotype: Lub",1.1,1.5
19365,"Other regular phenotype: Wra",1.1,1.5
19366,"Special erythrocyte phenotype",1.1,1.5
19367,"Treatment of EGA red blood cells",1.1,1.5
19368,"Identification of high frequency erythrocyte antibodies",1.1,1.5
19369,"Identification of different enzyme erythrocyte antibodies",1.1,1.5
19370,"Identification of solid phase erythrocyte antibody",1.1,1.5
19371,"Red blood cell antibody identification tube technique",1.1,1.5
19372,"Identification of erythrocyte antibody collection cells",1.1,1.5
19373,"Auto adsorption (erythrocyte)",1.1,1.5
19374,"Allo differential adsorption (erythrocyte)",1.1,1.5
19375,"Adsorption Rest / HPC",1.1,1.5
19376,"Adsorption / elution (erythrocyte)",1.1,1.5
19377,"Donath-Landsteiner test",1.1,1.5
19378,"Thermal amplitude test (erythrocyte)",1.1,1.5
19379,"Anti-GPIIb / IIIa by MAIPA (regular method)",1.1,1.5
19380,"Anti-GPIa / IIa by MAIPA (regular method)",1.1,1.5
19381,"Anti-GPIb / IX by MAIPA (regular method)",1.1,1.5
19382,"Anti-Gov by MAIPA (regular method)",1.1,1.5
19383,"Anti-GPIIb / IIIa by MAIPA (optimized method)",1.1,1.5
19384,"Anti-GPIa / IIa by MAIPA (optimized method)",1.1,1.5
19385,"MAIPA with serum treatment",1.1,1.5
19386,"PLT analyzes sent externally",1.1,1.5
19387,"Anti-HLA (class I anti-HLA screening by Luminex, DTT pre-treatment",1.1,1.5
19388,"Anti-HLA (class I anti-HLA screening by Luminex, EDTA pre-treatment",1.1,1.5
19389,"Anti-HLA (screening for anti-HLA class I by Luminex, pre-treatment dilution",1.1,1.5
19390,"Anti-HLA (screening for anti-HLA class II by Luminex",1.1,1.5
19391,"Anti-HLA (anti-HLA class II screening by Luminex, DTT pre-treatment",1.1,1.5
19392,"Anti-HLA (screening for anti-HLA class II by Luminex, EDTA pre-treatment",1.1,1.5
19393,"Anti-HLA (screening for anti-HLA class II by Luminex, pre-treatment dilution",1.1,1.5
19394,"Anti-HLA (identification of anti-HLA class I by Luminex, DTT pre-treatment",1.1,1.5
19395,"Anti-HLA (identification of anti-HLA class I by Luminex, EDTA pre-treatment",1.1,1.5
19396,"Anti-HLA (identification of anti-HLA class I by Luminex, pre-treatment dilution",1.1,1.5
19397,"Anti-HLA (identification of anti-HLA class II by Luminex",1.1,1.5
19398,"Anti-HLA (identification of anti-HLA class II by Luminex, DTT pre-treatment",1.1,1.5
19399,"Anti-HLA (identification of anti-HLA class II by Luminex, EDTA pre-treatment",1.1,1.5
19400,"Anti-HLA (identification of anti-HLA class II by Luminex, pre-treatment dilution",1.1,1.5
19402,"HLA genotyping: high-resolution Locus A (SNG)",282.7,385.5
19403,"HLA genotyping: high-resolution Locus B (SNG)",282.7,385.5
19404,"HLA genotyping: high-resolution Locus C (SNG)",282.7,385.5
19405,"HLA genotyping: high-resolution DRB1 locus (SNG)",282.7,385.5
19406,"HLA genotyping: high-resolution DRB3 locus (SNG)",162.8,222
19407,"HLA genotyping: high-resolution DRB4 locus (SNG)",162.8,222
19408,"HLA genotyping: high-resolution DRB5 locus (SNG)",162.8,222
19409,"HLA genotyping: high-resolution DQA1 locus (SNG)",273.9,373.5
19410,"HLA genotyping: Locus DQB1 high resolution NGS, kit A",282.7,385.5
19411,"HLA genotyping: high-resolution DPA1 locus (SNG)",273.9,373.5
19412,"HLA genotyping: high-resolution DPB1 locus (SNG)",282.7,385.5
19424,"Screening for anti-IgA (R&D test)",1.1,1.5
19425,"CEAG genotyping by RFLP",1.1,1.5
19426,"Knops genotyping by RFLP",1.1,1.5
19427,"Yka Genotyping By SSP",1.1,1.5
19428,"RhD Position 48 genotyping by RFLP",1.1,1.5
19429,"MMA (R&D testing)",1.1,1.5
19431,"Complete erythrocyte genotyping (Bioarray)",1.1,1.5
19432,"Complete platelet genotyping (Bioarray)",1.1,1.5
20000,"Platelet Aggregation",50.6,69
20001,"Alpha-2 macroglobulin (antigen)",16.5,22.5
20003,"Anticardiolipin antibodies",12.65,17.25
20005,"Anticardiolipin antibody (total)",34.1,46.5
20007,"Anti-heparin (platelet aggregation method)",86.9,118.5
20008,"Anti Beta-2 glycoprotein 1 IgG or IgM",13.09,17.85
20009,"Anti Von Willebrand Factor (anti-VWF)",69.3,94.5
20013,"Antiplasmin (activity)",38.5,52.5
20014,"Antithrombin (activity)",14.74,20.1
20015,"Antithrombin (antigen)",9.46,12.9
20020,"Anti-centromere Protein B (CENP-B)",10.12,13.8
20022,"Anti-C1 inhibitor antibody (ELISA) (quantitative)",90.2,123
20040,"Ristocetin cofactor",26.4,36
20044,"Cryofibrinogen",5.72,7.8
20060,"D-Dimer (semi-quantitative or qualitative or on slide)",12.1,16.5
20061,"D-Dimer (ELISA)",24.2,33
20062,"D-Dimer",16.17,22.05
20064,"HLA-B27 (TaqMan)",24.2,33
20077,"Selection with microbeads of lymphocyte subpopulations for molecular analysis CD3 and CD33 (including Fico",388.3,529.5
20080,"Coagulation factors (II, V, VII, VIII, IX, X, XI et XII) (activity)",7.26,9.9
20086,"Factor VII (antigen)",25.3,34.5
20089,"Factor Von Willebrand (antigen)",16.28,22.2
20090,"Factor Von Willebrand (multimers)",95.7,130.5
20092,"Factor X (antigen)",28.6,39
20098,"Factor XIII (activity) (quantitative)",84.7,115.5
20101,"Fibrinogen (antigen)",168.3,229.5
20102,"Fibrinogen",5.5,7.5
20103,"Platelet function at luminescence (by agent)",35.2,48
20106,"Factor XIII (solubility test)",7.37,10.05
20107,"ADAMTS-13 - activity (quantitative assay)",265.1,361.5
20108,"Anti-IIa-activity (quantitative dosage) (Dabigatran)",26.4,36
20109,"Anti-Xa-activity (quantitative dosage) (Rivaroxaban)",61.6,84
20110,"Anti-Factor XIII (quantitative assay) (ELISA)",90.2,123
20111,"Factor XIII (subunit A) (quantitative assay) (ELISA)",39.6,54
20113,"Anti-Xa-activity (quantitative dosage) (Edoxaban)",272.8,372
20114,"Antigenic factor I (ELISA) (quantitative)",258.5,352.5
20115,"Anti-Xa-activity (quantitative dosage) (Apixaban)",34.1,46.5
20118,"Factor IX (determination of concentration) (chromogenic method)",62.7,85.5
20122,"Factor VIII (determination of concentration) (chromogenic method)",41.8,57
20130,"Heparin Low Molecular Weight Anti-Xa",21.67,29.55
20140,"Factor Inhibitor (qualitative)",39.6,54
20141,"Factor Inhibitor (quantitative)",79.2,108
20143,"Anti-factor VIII (detection) (ELISA)",8.69,11.85
20144,"Anti-factor IX (detection) (ELISA)",8.69,11.85
20145,"Anti-glucocerebrosidase (detection)",90.2,123
20147,"Anti-ADAMTS-13 antibody (ELISA) (quantitative)",70.4,96
20160,"Kaolin clotting time (KCT)",20.13,27.45
20170,"Lysis of euglobulins",14.85,20.25
20190,"Plasma Activator Inhibitor 1(PAI-1)",38.5,52.5
20191,"Plasminogen",10.56,14.4
20194,"Prekallikrein (activity)",13.09,17.85
20196,"Protein C (activity)",16.28,22.2
20197,"Protein C (antigen)",14.08,19.2
20198,"Protein S (activity)",6.6,9
20199,"Protein S free",72.6,99
20200,"Total S protein (antigen)",69.3,94.5
20220,"Resistance to activated protein C",6.38,8.7
20221,"Resistance to activated protein C (with calculation of 3 ratios)",25.3,34.5
20222,"Clot retraction on platelet-rich plasma",15.73,21.45
20238,"Thromboelastography (platelet mapping)",390.5,532.5
20240,"Activated Partial Thrombin Time (APTT) or Thrombin Time (TT) or Prothrombin Time (Quick Time) (INR) on a",3.41,4.65
20241,"Activated partial thromboplastin time or partial thromboplastin time (PTT) + activator (ACT)",1.43,1.95
20242,"Partial thromboplastin time after heparin neutralization (ACT)",12.98,17.7
20243,"Prothrombin Time (PT & INR) including derived Fibrinogen",4.4,6
20244,"Reptilase Time",7.48,10.2
20245,"In Vitro bleeding time (per agent) (PFA-100)",29.7,40.5
20246,"In vivo bleeding time",40.7,55.5
20247,"Diluted Stypven Time (DRVVT or Russell Time) (including confirmation)",9.13,12.45
20248,"Thrombine time (TT)",2.42,3.3
20249,"Collagen VWF binding assay",102.3,139.5
20250,"FVIII to VWF binding assay",12.54,17.1
20251,"Phospholipid Neutralization Test (PNP)",5.61,7.65
20252,"Diluted Tissue Thromboplastin Inhibition Test",7.92,10.8
20254,"Thromboelastography",82.5,112.5
20255,"Tissue plasminogen activator (activity) (tPA)",245.3,334.5
20300,"Assistance with infusion of CPH / DLI (excluding displacement)",10.45,14.25
20303,"Ecarin clotting test (ECT)",245.3,334.5
20304,"Plasma Eculizumab (Quantitative Assay) (ELISA)",223.3,304.5
20321,"Cell Count Body Fluid with differential",19.03,25.95
20342,"Eosinophils (nasal secretions or urine)",9.46,12.9
20360,"Sickle formation (test for) Thiosulfite",23.1,31.5
20361,"CBC with automated differential",6.6,9
20362,"Differential formula (manual) (including staining)",5.72,7.8
20363,"Evaluation of red blood cells and platelets (orientation smear) (including staining)",3.19,4.35
20364,"Complete blood count (FSC) or Hb-Ht-plaq. micro-method (automated)",1.87,2.55
20380,"Leucocytes (blood) (manual)",4.62,6.3
20381,"Automated sedimentation",1.87,2.55
20390,"Haptoglobin",5.39,7.35
20391,"Plasma free hemoglobin (excluding dipstick)",8.8,12
20430,"Bone marrow (Differential done by a medical technologist, including the reading of 2 slides)",35.2,48
20450,"Platelets (blood) (manual)",12.87,17.55
20470,"Reticulocytes (automated)",1.87,2.55
20471,"Reticulocytes (manual)",2.75,3.75
20472,"Reticulocytes (semi-automated including pretreatment)",6.82,9.3
20490,"Sedimentation (manual)",2.09,2.85
20494,"Sickle-forming (test for) metabisulphite",6.27,8.55
20574,"Receipt of fresh CPH or DLI units",93.5,127.5
20575,"Receipt of CPH or DLI cryo units",156.2,213
20580,"Evaluation of fresh CPH (or CT) grafts (internal or external)",139.7,190.5
20582,"CPH cryopreservation (auto or allo) 1st bag",614.9,838.5
20583,"Cryopreservation of CPH apheresis (auto and allo) extra bag",58.3,79.5
20585,"Thawing a graft in the cell therapy laboratory",731.5,997.5
20588,"Adjustment of graft concentration in the cell therapy laboratory by dilution",215.6,294
20590,"Graft filtration in the cell therapy laboratory",96.8,132
20592,"Distribution of CPH grafts to the care unit",95.7,130.5
20593,"Distribution and assistance with infusion of a cryopreserved graft in the care unit (1st bag)",232.1,316.5
20594,"Distribution and assistance with infusion of a cryopreserved graft in the care unit (additional bag)",60.5,82.5
20598,"Sending fresh or cryopreserved grafts outside the hospital (1st bag)",119.9,163.5
20599,"Sending fresh or cryopreserved grafts outside the hospital (additional bag)",25.3,34.5
20603,"Plasma, volume or erythrocyte reduction of a graft with Sepax",1348.6,1839
20615,"Dressing with personal protective equipment (PPE) for cleanroom and grade B applications",89.1,121.5
20620,"Cryopreservation of CD3 or CD34 or MNC (aliquot)",68.2,93
20622,"Complete cell culture of hematopoietic progenitors: aspiration of bone marrow or blood",386.1,526.5
20624,"Cell culture of BFU-E or CFU-GEMM (with therapeutic agents)",661.1,901.5
20628,"Cell culture of hematopoietic progenitors: units of CPH (apheresis, bone marrow, cord blood)",117.7,160.5
20640,"Centrifugation of CPH",39.6,54
20641,"Complement inactivation at 56 ° C",3.19,4.35
20647,"Isolation of mononuclear cells by density gradient centrifugation",34.1,46.5
20649,"Enumeration of hematopoietic progenitor cells (CD34)",63.8,87
20651,"Preparation of autologous eye drops for dry eye",183.7,250.5
20663,"Negative selection of TCRab+ and CD19+ cells with magnetic beads on CliniMacs",31626.1,43126.5
20664,"ANCA Neutrophil Anti-Cytoplasm",34.1,46.5
20665,"Selection + or - of blood or bone marrow cells with microbeads",119.9,163.5
20667,"Simple positive selection of CD34+ cells with magnetic beads on CliniMacs",15998.4,21816
20668,"Double positive selection of CD34+ cells with magnetic beads on CliniMacs",29295.2,39948
20669,"Hepatitis B (HBsAg); microparticulate chemiluminescence immunoassay (CMIA) (quantitative)",16.94,23.1
20670,"Hepatitis A (HAV) Specific IgM",17.6,24
20671,"Hepatitis A (HAV) IgG or total Ab",9.9,13.5
20672,"Hepatitis B (antibody surface antigen) (anti-HBs) IgG or total Ab",7.7,10.5
20673,"Hepatitis B (anti-HBc) IgG or total Ab",8.8,12
20675,"Hepatitis B (anti-HBe) IgG or total Ab",7.7,10.5
20676,"Hepatitis B (surface antigen) (HbsAg)",8.8,12
20677,"Hepatitis B (HbeAg) (antigen)",6.49,8.85
20682,"Anti-DNA (ELISA)",5.94,8.1
20683,"Anti-DNA (immunofluorescence) (Crithidia luciliae)",7.37,10.05
20684,"Parietal Cell Antibodies",14.85,20.25
20685,"Anti-centromeres",5.61,7.65
20691,"Intrinsic Factor Antibody",8.47,11.55
20694,"Anti-histone (ELISA)",5.83,7.95
20696,"Langherans anti-islets",24.2,33
20698,"Anti-Jo-1",10.89,14.85
20699,"Anti-LKM (anti-liver kidney microsomes)",14.96,20.4
20701,"Antiglomerular Basement Membrane Antibody",12.21,16.65
20702,"Mitochondrial antibodies",14.85,20.25
20703,"Smooth Muscle antibodies",14.85,20.25
20704,"Anti-striated muscle",31.9,43.5
20705,"Anti-myeloperoxidase (anti-MPO) ANCA",6.16,8.4
20709,"Anti-proteinase 3 (anti-PR3) ANCA",6.38,8.7
20710,"Anti-ribonucleoproteins (RNP) (MUHC: Anti-Extractable Nuclear Antigen)",6.38,8.7
20711,"Anti-ScL 70 (topoisomerase)",7.26,9.9
20712,"Anti Sm (MUHC: Anti-Extractable Nuclear Antigen)",5.94,8.1
20713,"Anti-SSA (Ro) (MUHC: Anti-Extractable Nuclear Antigen)",7.37,10.05
20714,"Anti-SSB (La) (MUHC: Anti-Extractable Nuclear Antigen)",5.94,8.1
20717,"Anti-Nuclear (ANA) (Immunofluorescence Screening) (by dilution)",10.01,13.65
20718,"Anti-cyclic citrulinated peptides (Anti-CCP)",10.23,13.95
20719,"Anti-nuclear (ENA) (screening by ELISA)",7.81,10.65
20720,"Anti-reticulin",17.05,23.25
20721,"Anti-edge brush",17.05,23.25
20722,"Anti-gall canaliculus",17.05,23.25
20723,"Anti-muscle-cardiac",115.5,157.5
20724,"Anti-endomysium",21.12,28.8
20725,"Anti-skin basement membrane and anti-intercellular substance",46.2,63
20765,"Hemoglobin chromatography",13.53,18.45
20768,"Cellular Compatibility by Flow Cytometry (Flow x-match)",304.7,415.5
20769,"Complement components (activity)",85.8,117
20771,"Total serum supplement (CH50) (activity)",23.1,31.5
20772,"Circulating immune complexes",13.75,18.75
20773,"Heinz bodies",6.6,9
20774,"Cryoglobulins (qualitative)",9.13,12.45
20775,"Cryoglobulins (quantitative)",81.4,111
20776,"Complement C3 (antigen)",5.61,7.65
20777,"Complement C4 (antigen)",5.61,7.65
20778,"Activation of TLRs (2, 4) by cleavage of CD62L",288.2,393
20781,"Fas Ligand (dosage) (serum)",6.71,9.15
20784,"IL-12 Induced Interferon Gamma (Secretion) (Assay) (ELISA)",613.8,837
20800,"Plasma or erythrocyte depletion by CPH centrifugation and evaluation",39.6,54
20820,"Hemoglobin electrophoresis (agarose or capillary)",21.01,28.65
20825,"Erythrocyte enzymes (by enzyme) (G6PD, 6PGD, PK, HX, GPI)",24.2,33
20827,"Erythropoietin (ELISA) (quantitative)",15.84,21.6
20828,"Non-specific esterases",12.98,17.7
20829,"Specific esterases",17.71,24.15
20850,"Complement Factor B (antigen)",127.6,174
20852,"Medullary iron (Prussian blue)",6.38,8.7
20900,"Hemoglobin (electrophoresis of globin chains)",9.9,13.5
20902,"Hemoglobin A2",15.51,21.15
20918,"HLA-DRB1 (genotyping) (SSP-high resolution)",226.6,309
20928,"HLA-DQB1 (genotyping) (SSP-low resolution)",59.4,81
20932,"HLA-DRB1 (genotyping) (SSP-low resolution)",59.4,81
20935,"HLA-B27, surface marker",23.1,31.5
20941,"HLA-A or -B or -C (genotyping) (SSP-high resolution)",229.9,313.5
20942,"HLA-A or -B or -C (genotyping) (SSP-low resolution)",85.8,117
20947,"HLA (sequencing) (resolution of ambiguities)",119.9,163.5
20949,"HLA-DPB1 (genotyping) (SSP-high resolution)",128.7,175.5
20950,"HLA-A or -B or -C (genotyping) (high resolution SSO)",158.4,216
20952,"HLA-DPA1 / DPB1 (genotyping) (low resolution SSO)",79.2,108
20953,"HLA-DQA1 / DQB1 (genotyping) (low resolution SSO)",84.7,115.5
20954,"HLA-DRB1 (genotyping) (high resolution SSO)",72.6,99
20956,"HLA-DRB3 / 4/5 (genotyping) (low resolution SSO)",111.1,151.5
20958,"T lymphocyte surface markers (CD3 / 4/8/45)",42.9,58.5
20959,"T-B-NK lymphocyte surface markers (CD3 / 4/8/19/16 + 56/45)",122.1,166.5
20961,"Complement-C1 inhibitor (antigen)",9.13,12.45
20966,"Complement-Inhibitor of C1 (activity)",62.7,85.5
20968,"HLA-A or -B or -C or -DRB1 or -DQB1 (genotyping) (next generation sequencing) (high resolution)",696.3,949.5
20969,"NK lymphoproliferative syndromes characterization panel (NK-CLPD panel)",178.2,243
20971,"Anti-HLA specificity class I",162.8,222
20972,"Anti-HLA class II specificity",137.5,187.5
20973,"LLA-B minimal residual disease panel (MRD LLA-B panel)",302.5,412.5
20974,"B lymphoproliferative syndrome characterization panel (B-CLPD panel)",191.4,261
20975,"Acute B lymphoid leukemia characterization panel (LLA-B panel)",294.8,402
20976,"Acute T lymphoid leukemia characterization panel (LLA-T panel)",257.4,351
20977,"Acute myeloid leukemia / MDS characterization panel (AML / MDS panel)",393.8,537
20978,"Surface or intracellular labeling (by marker)",11.33,15.45
20979,"Plasma cell dyscrasias (multiple myeloma) panel (PCD panel)",145.2,198
20983,"Bone marrow (staining)",2.09,2.85
20993,"Bone marrow (fixation without staining)",1.54,2.1
20994,"Proliferation of T-cells (PHA)",118.8,162
20995,"Complement activation (ELISA)",18.59,25.35
20996,"Complement C1q (antigen)",30.8,42
20998,"Isolation of T or B lymphocytes from whole blood by negative selection",58.3,79.5
20999,"Devic Disease (Optic Neuromyelitis) (anti-NMO) (Immunofluorescence)",67.1,91.5
21000,"Myositis anti antigen detection (Mi-2a, Mi-2b, Ku, Pm-Scl-100, SRP, Pm-Scl-75, Jo-1 (Myos), Pl-7, Pl-12, EJ,",64.9,88.5
21002,"Fetal hemoglobin test (flow cytometry)",20.46,27.9
21004,"T-B-NK lymphocyte surface markers (CD3/4/8/19/16+56/45RA/45RO, CD31)",122.1,166.5
21005,"Systemic scleroderma (SSc); Detection of IgG directed against 7 antigens (Scl-70, CENP-A, CENP-B, RP11,",70.4,96
21020,"Periodic Acid Schiff (P.A.S.)",9.35,12.75
21023,"Myeloperoxidase",8.25,11.25
21026,"Intra-leukocyte alkaline phosphatase",12.1,16.5
21028,"Analysis of chimerism (STR) pre or post graft (NAAT)",135.3,184.5
21030,"Anti-HLA Screening (FLOW-PRA) (by class)",42.9,58.5
21034,"Acute leukemia referral tube (ALOT tube)",94.6,129
21035,"Lymphoid cell (lymphoproliferative syndromes) screening tube (LST tube)",104.5,142.5
21036,"Tube for specimen poor in cells (cerebrospinal fluid and vitreous fluid) (SST tube)",185.9,253.5
21037,"Hemaphagocytic lymphohistiocytosis (LHH); NK cell degranulation (CD107a marker)",689.7,940.5
21072,"Sudan black B",6.82,9.3
21094,"Lymphoblastic transformation",249.7,340.5
25002,"Alpha thalassemia; HBA1, HBA2 (-α3.7 / αα, -α4.2 / αα, -α20.5 / αα, --SEA / αα, --MED / αα, --FIL / αα, --THA",115.5,157.5
25007,"Hereditary spherocytosis; eosin-5'-maleimide (EMA) (flow cytometry)",75.9,103.5
25009,"Factor VII (sequencing)",281.6,384
25011,"Sickle cell anemia; HBB (HbS-HbC); (Sequencing)",217.8,297
25015,"Beta-thalassemia; HBB; (sequencing, complete coding regions)",364.1,496.5
25017,"Quebec platelet disorder; PLAU gene (duplication) (NAAT)",28.6,39
25019,"L-Ferritin gene (FTL) iron response element (IRE) (sequencing)",145.2,198
25021,"Factor V Leiden (NAAT)",19.69,26.85
25022,"Factor VIII haplotype (hemophilia A) (NAAT)",273.9,373.5
25024,"Hemoglobin S diag. carrier and diag. prenatal (sequencing)",206.8,282
25026,"Hemophilia A Factor VIII; inversion intron 22 (IVS22 inv) (NAAT)",300.3,409.5
25028,"Hemophilia A or B (carrier and prenatal diagnosis, known mutation) (sequencing)",204.6,279
25038,"AML Leukemia and Myelo Dysplastic Syndromes, (GATA2) (sequencing)",228.8,312
25040,"Factor II Prothrombin (g.20210G>A)",19.58,26.7
25044,"Mutation of protein C; 3363 INS.C (common to French Canadians) (TAAN)",39.6,54
25046,"Mutation of protein C; individual mutations Arg178Gln or Thr298Met (common to French Canadians) (NAAT)",39.6,54
25054,"Angioedema (detection of 5 genetic variations: APP g.2953-3127del and c.-2399C> A, ACE I / D, PAI-1 c.-81",291.5,397.5
25056,"Protein C (sequencing)",414.7,565.5
25060,"Thiopurine methyltransferase (TPMT) enzyme (TPMT * 2 (Gly238Cys), TPMT * 3A (Gly460Ala and A719G), T",134.2,183
25070,"Von Willebrand type 2 (2A, 2B, 2M, 2N); VWF (exons 18 to 21 and 28 to 31) associated mutations (sequencin",276.1,376.5
30005,"Beta-hydroxybutyrate (whole blood)",1.98,2.7
30008,"Delta aminolevulinic acid (delta-ALA) (HPLC)",193.6,264
30009,"Folic acid (folate)",3.74,5.1
30010,"Lactic acid (colorimetric) Lactate Acid",4.29,5.85
30011,"Mycophenolic acid including glucuronides (MUHC: Mycophenolate-MMF (MPA) )",19.91,27.15
30012,"Pyruvic acid (dosage only) Pyruvate Acid",14.3,19.5
30013,"Uric acid",1.815,2.475
30016,"Alanine amino-transférase (ALT)",1.815,2.475
30017,"Albumin",1.815,2.475
30018,"Alcohols (ethanol, methanol, ethylene glycol, isopropanol, acetone, N-propanol, 1,2-butanediol) (quantitative) (",42.9,58.5
30020,"Aldosterone (serum)",13.75,18.75
30022,"Alpha Fetoprotein (AFP) (Maternal-Serum or Tumor Marker)",4.18,5.7
30024,"Alpha-1-antitrypsin (stool)",90.2,123
30028,"Aluminium",26.4,36
30029,"Ammonia",4.4,6
30030,"Amylase, total",1.815,2.475
30032,"Pancreatic amylase",1.43,1.95
30034,"Androstenedione",9.24,12.6
30035,"Anti-21 hydroxylase",51.7,70.5
30038,"Carcinoembryonic Antigen (CEA)",4.4,6
30039,"Prostate Specific Antigen (PSA)",4.51,6.15
30040,"Anti-gliadins (IgA)",12.76,17.4
30041,"Anti-gliadins (IgG)",12.76,17.4
30044,"Acetylcholine Receptor Antibodies",42.9,58.5
30045,"TSH-Receptor Antibody",39.6,54
30047,"Anti-thyroglobulin",10.34,14.1
30048,"Anti-thyroperoxydase (anti-TPO)",6.27,8.55
30049,"Anti-transglutaminase",8.8,12
30054,"Apolipoprotein B",9.9,13.5
30060,"Aspartate amino transferase (AST)",1.815,2.475
30065,"Alpha-1-antitrypsin (serum)",7.92,10.8
30068,"Ant-glutamic acid decarboxylase (GAD) (serum) (MUHC: Anti-Gad Antibodies)",10.34,14.1
30069,"POCT administration",0.22,0.3
30070,"Glucose by glucometer",1.54,2.1
30072,"Maintenance of a non-laboratory blood gas device (complete assessment including cleaning and control)",31.9,43.5
30073,"Leflunomide (Arava®)",23.1,31.5
30075,"Indocyanine green (proof)",71.5,97.5
30076,"Lactic acid (by specific electrode)",2.31,3.15
30078,"Procalcitonin",25.3,34.5
30079,"Urinalysis (automated microscopy)",1.98,2.7
30080,"Beta-2 microglobulin (ß2-M)",6.16,8.4
30081,"Beta-2 Transferrin (CSF and serum)",160.6,219
30082,"Beta-Hydroxybutyrate (serum) (MUHC: quantitative)",7.26,9.9
30083,"Bilirubin, direct (conjugated)",1.815,2.475
30084,"Bilirubin, total",1.815,2.475
30085,"BNP (Brain Natriuretic Peptide)",14.08,19.2
30086,"Oligoclonal bands (by focalisation) (CSF and serum)",49.5,67.5
30087,"Flecainide (Flecainide®)",95.7,130.5
30088,"Ganciclovir (Cytovene®)",27.5,37.5
30089,"Milrinone (Primacor®)",60.5,82.5
30090,"Posaconazole (Posanol®)",63.8,87
30092,"Thiopurine S-methyltransferase (TPMT)",39.6,54
30095,"NT-PRO-BNP (Brain Natriuretic Peptide)",17.6,24
30096,"Itraconazole - hydroxyitraconazole (Sporanox®)",82.5,112.5
30099,"Isavuconazole (CresembaMC)",63.8,87
30100,"CA 125",6.71,9.15
30101,"CA 15-3 or 27-29",7.48,10.2
30102,"CA 19-9",6.05,8.25
30103,"Caffeine",29.7,40.5
30105,"Calcium",1.815,2.475
30106,"Calcium, ionized",6.6,9
30107,"Renal stones (colorimetry)",37.4,51
30108,"Renal stones (spectrometry)",14.63,19.95
30111,"Total carotenes (quantitative)",9.24,12.6
30112,"Catecholamines (plasma)",26.4,36
30113,"Catecholamines (urine)",38.5,52.5
30114,"Ceruloplasmin",5.83,7.95
30115,"Chloride",1.815,2.475
30116,"Cholesterol-HDL (MUHC: includes LDL)",1.815,2.475
30117,"Cholesterol - LDL (measured)",3.41,4.65
30119,"Cholesterol, total",1.815,2.475
30120,"Chylomicrons (visual examination after 24 hours)",1.1,1.5
30121,"Citrates (urine)",3.74,5.1
30122,"Enzymatic CK-MB",0.88,1.2
30123,"CK-MB mass",2.86,3.9
30124,"CO2 or Bicarbonate (dosage only)",0.99,1.35
30127,"Cortisol, free (urine) (including extraction)",8.47,11.55
30128,"Cortisol (Serum or urinary) without extraction",6.6,9
30130,"Creatinine Kinase (CK total)",1.815,2.475
30131,"CK (electrophoresis)",25.3,34.5
30132,"Creatinine",1.815,2.475
30133,"Crystals (synovial fluid)",20.9,28.5
30135,"Cystine (qualitative)",6.82,9.3
30136,"Cystine (HPLC) (Also done when Homocysteine HPLC is requested)",40.7,55.5
30137,"Chromogranin A",25.3,34.5
30140,"Free estriol",6.6,9
30150,"Dehydroepiandrosterone (DHEA)",15.73,21.45
30151,"Dehydroepiandrosterone (sulfate) (DHEA-S)",7.15,9.75
30153,"Single refractometry density (excludes strip)",0.77,1.05
30155,"Micro-method settling",3.41,4.65
30170,"Fecal Elastase",45.1,61.5
30171,"Lipoprotein electrophoresis",25.3,34.5
30173,"Protein electrophoresis (serum)",6.05,8.25
30174,"Protein electrophoresis (urine)",17.71,24.15
30176,"Angiotensin-converting enzyme (ACE)",7.59,10.35
30177,"Ethanol (ethyl alcohol) enzymatic",2.64,3.6
30178,"Ethosuximide (Zarontin®)",56.1,76.5
30181,"Protein electrophoresis by capillary method",8.36,11.4
30182,"Immunofixation with pentavalent serum",14.19,19.35
30183,"Protein A associated with pregnancy (PAPP-A)",11.44,15.6
30186,"Sweat (la test) (conductivity)",13.31,18.15
30190,"Iron (binding capacity) (UIBC or TIBC)",2.75,3.75
30191,"Iron (serum)",2.2,3
30193,"Ferritin",7.7,10.5
30194,"Premature labor test (fetal fibronectin)",152.9,208.5
30195,"Erythrocyte folic acid",5.06,6.9
30196,"Fructosamine",1.76,2.4
30197,"FGF23 assay: chemiluminescence immunoassay (CLIA)",122.1,166.5
30198,"Membrane rupture test",62.7,85.5
30208,"Lamellar Body Count",34.1,46.5
30209,"Carbohydrate-deficient transferrin (CDT)",26.4,36
30210,"GGT",1.815,2.475
30211,"Gastrin",10.78,14.7
30212,"Blood gas (pO2, pCO2, pH, HCO3, COHb, metHb, oxyHb, SulfHb, CO2 total)",3.63,4.95
30214,"Glucose",1.815,2.475
30215,"Free glycerol",2.31,3.15
30216,"Faecal fat (quantitative)",67.1,91.5
30230,"Fetal or adult hemoglobin (APT test) (stool)",9.46,12.9
30233,"Hemosiderin (urine)",13.09,17.85
30234,"Homocysteine (HPLC) (Done if total homocysteine is > 25umol/L)",38.5,52.5
30235,"Homocysteine (immuno-enzymatic)",12.43,16.95
30237,"Adrenocorticotropic hormone (ACTH)",9.02,12.3
30239,"Human growth Hormone (HGH)",7.26,9.9
30240,"FSH (Follicle stimulating hormone)",2.97,4.05
30241,"Human chorionic gonadotropin (HCG) (urine) (qualitative) (MUHC: Beta hCG (urine) qualitative)",4.51,6.15
30242,"Human chorionic gonadotropin (HCG) (serum) (quantitative) (MUHC: Beta hCG (serum) quantitative)",4.95,6.75
30243,"Luteinizing Hormone (LH)",3.08,4.2
30244,"Parathyroid hormone (PTH)",5.94,8.1
30245,"5-HIAA -HVA-VMA",18.7,25.5
30246,"Hydrogen breath test (lactose intolerance)",29.7,40.5
30248,"Glycated hemoglobin (HbA1c)",3.63,4.95
30249,"Glycated hemoglobin (HbA1c) pretreatment only",0.77,1.05
30262,"Interleukin-6 (IL-6)",17.49,23.85
30268,"Protein Immunofixation, serum",48.4,66
30269,"Protein Immunofixation, urine",52.8,72
30273,"Immunoglobulin IgA",3.3,4.5
30274,"Immunoglobulin IgD",47.3,64.5
30276,"Immunoglobulin IgE total",12.1,16.5
30277,"Immunoglobulin IgG",3.19,4.35
30278,"Immunoglobulin IgG (sub-classes)",7.48,10.2
30279,"Immunoglobulin IgM",3.3,4.5
30280,"Alkaline Immunophosphatase (APAAP) (per slide)",30.8,42
30282,"Inhibin A",14.08,19.2
30283,"Insulin",7.7,10.5
30285,"Free light chains (Kappa/Lambda) (serum)",34.1,46.5
30286,"Specific IgE immunoglobulins (RAST or specific allergen) (common allergens)",16.39,22.35
30287,"Specific IgE immunoglobulins (RAST or specific allergen) (occasional allergens)",20.13,27.45
30288,"Specific IgE immunoglobulins (RAST or specific allergen) (molecular allergens)",28.6,39
30300,"Lactate deshydrogenase (electrophoresis) (LD)",56.1,76.5
30301,"Lactate deshydrogenase (LD or LDH)",0.77,1.05
30306,"Lipase",1.43,1.95
30308,"Lipoprotein a (Lp(a))",3.85,5.25
30310,"Lysozyme (muramidase)",47.3,64.5
30329,"Free Catecholamines and metanephrines (urine)",37.4,51
30330,"Macro-enzyme or Macro prolactin (research) (precipitation)",17.49,23.85
30332,"Magnesium",3.3,4.5
30335,"Azathioprine (6MMP, 6-TG) / Mercaptopurine (6MP) (including pretreatment) (Imuran® / Purinethol®)",40.7,55.5
30336,"Metanephrines (urine)",25.3,34.5
30337,"Microalbumin (urine)",7.15,9.75
30340,"Myoglobin (urine)",9.68,13.2
30360,"Estradiol-17B",4.62,6.3
30361,"Estrone (plasma)",4.29,5.85
30362,"Osmolality",4.4,6
30363,"Osteocalin",9.9,13.5
30364,"Oxalate (urine)",13.09,17.85
30370,"Anti-phospholipase A2 receptor (anti-PLA2R) circulating antibody (ELISA) (quantitative)",51.7,70.5
30371,"Anti-phospholipase A2 receptor (anti-PLA2R) circulating antibody (IIFT) (qualitative)",86.9,118.5
30382,"Peptide C",9.02,12.3
30383,"pH (biological fluid)",2.09,2.85
30386,"ALP (Alkaline phosphatase)",1.815,2.475
30388,"Alkaline phosphatase (electrophoresis)",71.5,97.5
30389,"Placental Alkaline Phosphatase (PAPLA)",18.04,24.6
30391,"Phosphate",2.2,3
30393,"Porphobilinogen (PBG) (quantitative)",166.1,226.5
30394,"Porphyrins (plasma) (quantitative)",63.8,87
30395,"Porphyrins (urine) (qualitative)",19.8,27
30397,"Porphyrins (uro or copro) (urine) (quantitative)",39.6,54
30398,"Potassium",1.815,2.475
30399,"Pre-albumin",3.3,4.5
30400,"Progestérone",3.52,4.8
30401,"Progesterone (17-hydroxy)",11.11,15.15
30402,"Prolactin",3.41,4.65
30404,"Protein, total (body fluids)",5.5,7.5
30405,"Protein, total (serum)",1.815,2.475
30406,"Erythrocyte protoporphyrins",112.2,153
30407,"Prostate-specific antigen (PSA)",6.49,8.85
30409,"Pseudocholinesterase (typing) (FN + DN)",34.1,46.5
30410,"Pseudocholinesterase total only",16.83,22.95
30412,"C-reactive protein (CRP) (includes ultrasensitive) (MUHC: hCRP)",2.86,3.9
30450,"Renin",24.2,33
30452,"Porphyrins (stool) (fractional dosage) (quantitative)",105.6,144
30469,"Fecal Occult Blood (Immunochemical Test)",7.37,10.05
30470,"Blood in body fluids (qualitative)",4.51,6.15
30471,"Occult blood stool (qualitative)",3.85,5.25
30472,"Squamous cell carcinoma (SCC)",10.45,14.25
30473,"Stool (microscopic exam, fat, starch, fibres) (qualitative)",7.59,10.35
30474,"Stools (24 hour weight measurement)",3.63,4.95
30476,"Serotonin (HPLC)",113.3,154.5
30477,"Sex hormone binding globulin (SHBG)",4.29,5.85
30478,"Sodium",1.815,2.475
30479,"Somatomedin C (IGF-1)",7.92,10.8
30482,"Sweat Chloride Analysis (stimulation, procurement)",62.7,85.5
30485,"Trisomie 21 -prenatal screen (data management)",24.2,33
30500,"T3 total (total triiodothyronine) or free T3",3.19,4.35
30502,"FT4 (thyroxine free)",2.09,2.85
30504,"Télopeptides (C ou N) (sérum)",9.24,12.6
30506,"Testosterone total",6.38,8.7
30508,"Thyroglobulin",10.56,14.4
30510,"Tumor necrosing factor (TNF-alpha)",25.3,34.5
30511,"Transferrin",1.98,2.7
30512,"Triglycerides",1.815,2.475
30513,"Troponin I",4.4,6
30516,"TSH (thyroid stimulating hormone)",6.6,9
30517,"Sweat (test) (chloride assay) (titration) (MUHC: Sweat Chloride Analysis )",10.01,13.65
30518,"Dosage of serum testosterone by LC-MS/MS",8.36,11.4
30531,"Urea",1.815,2.475
30532,"Urine (microscopy)",3.63,4.95
30533,"Urinalysis Includes: appearance, color, pH, specific gravity, glucose, ketones (for acetone), protein, nitrate, bil",2.75,3.75
30534,"Urine volume for timed urines",3.3,4.5
30535,"Total bile acids (dosage) (MUHC: Bile acids)",16.94,23.1
30536,"Fecal Calprotectin (dosage, excluding extraction)",13.2,18
30537,"Fecal calprotectin (extraction)",5.72,7.8
30550,"Plasma viscosity",10.78,14.7
30551,"Vitamin A + E (HPLC) (includes β-carotene)",25.3,34.5
30553,"Vitamin B12",2.97,4.05
30554,"Vitamin C",37.4,51
30555,"Vitamin D 1-25 diOH",53.9,73.5
30556,"Vitamin D 25 OH",8.14,11.1
30557,"Vitamine hydrosolubles (B1, B2, B6 & C) (quantitative) (HPLC)",14.74,20.1
30580,"CSF Xanthochromia (measured)",8.14,11.1
30583,"Bone alkaline phosphatase",5.61,7.65
30584,"Cortisol (saliva)",11.55,15.75
30585,"Inhibin B",62.7,85.5
30586,"Metanephrines, Free plasma",128.7,175.5
30587,"Anti Müllerian hormone (AMH)",27.5,37.5
30588,"3-methoxytyramine (serum)",166.1,226.5
30589,"Parathyroid-related protein (PTHrP) assay",119.9,163.5
30600,"Acetaminophen",3.41,4.65
30601,"Valproic acid",6.27,8.55
30602,"Amikacin",8.69,11.85
30603,"Amiodarone",95.7,130.5
30604,"Amphetamine Screen /Methamphetamine (other than dipstick) (automated)",5.83,7.95
30607,"Tricyclic antidepressants (other than dipstick) (automated) (immunoenzyme)",4.51,6.15
30608,"Tricyclic and non tricyclic antidepressors (GC 9 results)",69.3,94.5
30610,"Flucytosine (5-FC) (Ancotil®)",113.3,154.5
30619,"Ethylglucoronide and ethylsulfate (LC-MS / MS)",51.7,70.5
30620,"Barbiturate Screen (other than dipstick) (automated)",4.73,6.45
30621,"Benzodiazepine Screen (other than dipstick) (automated)",4.84,6.6
30623,"Busulfan (Myleran®)",125.4,171
30625,"Buprenorphine (homogeneous enzyme-linked immunosorbent assay, semi-quantitative)",11.77,16.05
30630,"Carbamazépine",10.01,13.65
30631,"Cyclosporine (Neoral®)",11.99,16.35
30632,"Clozapin & nor-clozapin (Clozaril®)",23.1,31.5
30640,"Digoxin (Lanoxin®)",6.93,9.45
30642,"Anti-retroviral (ARV) / programme provincial de dosage des médicaments antirétroviraux",30.8,42
30660,"Clobazam (Frisium®)",53.9,73.5
30671,"Gentamicine",4.51,6.15
30680,"Oral hypoglycemic agents",20.13,27.45
30690,"Lamotrigine (Lamictal®)",45.1,61.5
30691,"Lidocaine (Xylocaïne®)",78.1,106.5
30692,"Lithium (Li)",4.73,6.45
30693,"Intra-erythrocytic lithium (Li) (Carbolith®)",8.25,11.25
30695,"Adalimumab (Humira®)",62.7,85.5
30696,"Anti-Adalimumab antibodies (Humira®)",67.1,91.5
30701,"Methadone Screen (other than dipstick) (automated)",6.38,8.7
30702,"Methotrexate",36.3,49.5
30703,"Mitotane (Lysodren®)",8.58,11.7
30711,"Nitisinoma (NTBC) (Orfadin®)",14.19,19.35
30720,"Olanzapine (Zyprexa®)",30.8,42
30730,"Phenobarbital",8.91,12.15
30731,"Phenytoin",6.16,8.4
30732,"Phenytoin libre (Dilantin®)",64.9,88.5
30733,"Primidone (including phenobarbital) (Mysoline®)",40.7,55.5
30759,"Everolimus (Afinitor®)",102.3,139.5
30760,"Salicylates",3.74,5.1
30761,"Sirolimus (Rapamune®)",17.49,23.85
30770,"Tacrolimus (FK-506) (Prograf®)",11.44,15.6
30771,"Theophylline",2.2,3
30773,"Tobramycin",9.9,13.5
30780,"Vancomycin",4.4,6
30781,"Voriconazole (Vfend®)",40.7,55.5
30782,"Measurement of L-Asparaginase activity",45.1,61.5
30834,"Cocaine Screen (other than dipstick) (automated)",5.39,7.35
30850,"Drugs (cannabis-THC, benzoylecgonine-cocaïne) (HPLC or GCMS)",74.8,102
30851,"Street Drugs / dipstick / drug",2.86,3.9
30860,"Iron (analysis in biopsies)",57.2,78
30883,"Oxycodone (other than dipstick) (automated)",20.13,27.45
30891,"PCP (other than screen) (automated)",2.09,2.85
30893,"General toxicological screening (GC MS / NPD) (serum-plasma-urine-gastric fluid)",92.4,126
30920,"Thiocyanate (serum)",9.9,13.5
30980,"Zinc",6.38,8.7
31042,"Anti-neuronal antibody panel (anti-HU, anti-RI, anti-YO, anti-CV2, anti-PMNA2 and anti-amphiphysin) (immuno",59.4,81
31050,"Anti-neuronal antibody panel (anti-HU, anti-RI, anti-YO, anti-CV2, anti-PMNA2 and anti-amphiphysin) (immuno",18.15,24.75
31098,"Infliximab (Remicade®)",58.3,79.5
31099,"Antibodies anti-Infliximab (Remicade®)",58.3,79.5
40005,"Helicobacter pylori (antigen in stool)",30.8,42
40007,"Clostridioides difficile (Ag) glutamate dehydrogenase (membrane ELISA) (rapid test) (stool)",19.14,26.1
40008,"Helicobacter pylori (urea breath test) (isotope ratio mass spectrometry)",4.4,6
40018,"Carbapenemase (NAAT) (unapproved kit)",30.8,42
40020,"Gram negative multi-resistant bacteria ( beta-lactamase-ESBL, carbapenemase) (screening)",7.26,9.9
40021,"Helicobacter pylori (culture on gastric biopsie)",8.91,12.15
40022,"Helicobacter pylori (rapid urease on gastric biopsie)",5.17,7.05
40026,"Bronchoscopy (semi-quantitative culture)",6.6,9
40045,"Chlamydia (shell vial)",37.4,51
40046,"Minimum inhibitory concentration (MIC) (dilution in broth) (per bacterium)",11.33,15.45
40047,"Minimal inhibition Concentration(MIC) microplaque / automated card (per bacteria)",14.3,19.5
40048,"Minimal inhibition Concentration by diffusion (MIC) (strip) (per antibiotic and per bacteria)",14.52,19.8
40049,"Catheter (culture semi-quantitative)",6.27,8.55
40051,"Minimum inhibitory concentration (MIC) (dilution in agar) (steer) (by bacteria)",21.23,28.95
40053,"Inoculation without identification",1.21,1.65
40063,"Vancomycin resistant Enterococcus (VRE) (specific culture ) (Chromogenic agar screening)",4.4,6
40065,"Sputum (bacteriology) (including specimens rejected after Gram)",7.81,10.65
40080,"Throat (Culture for Strep A,C,G or beta hemolytic)",6.49,8.85
40101,"Blood culture (1 bottle : aerobic or anaerobic)",3.19,4.35
40102,"Blood culture (2 bottles : aerobic & anaerobic)",7.48,10.2
40103,"Identification of bacteria, from a blood culture, to genus or species",1.76,2.4
40124,"Identification of an bacteria to Genus and/ or species (MALDI-TOF)",1.76,2.4
40125,"Identification of an microorganism to Genus or species (API)",17.82,24.3
40126,"Identification of an microorganism to Genus or species (Automated identification cards such as VITEK®, Pho",7.7,10.5
40127,"Oreintation tests required for the identification of a microorganism (on a colony)",4.07,5.55
40128,"Set of orientation tests prior to the identification of a microorganism (by MALDI-TOF)",4.07,5.55
40130,"Gram stain (on a colony)",3.96,5.4
40140,"Kirby Bauer (per bacteria) (senistivities by diffusion)",6.05,8.25
40160,"Legionella (urinary antigen)",45.1,61.5
40161,"Legionella (culture on clinical specimen)",17.71,24.15
40164,"CSF culture",10.23,13.95
40165,"Body fluid (other than CSF) culture",24.2,33
40182,"Mycoplasma hominis, Ureaplasma (culture)",7.59,10.35
40200,"Neisseria gonorrhoeae (culture) (all sites)",9.13,12.45
40201,"Staphylococcus aureus (nose) (culture) (excluding MRSA)",6.71,9.15
40202,"Nocardia (culture)",18.7,25.5
40220,"Ear Discharge bacterial culture",7.15,9.75
40240,"Pneumococcus (urinary antigen) (urine or CSF)",37.4,51
40242,"Deep Wound (Culture for anaerobes, including Actinomyces)",9.02,12.3
40243,"Wound/skin (Bacterial culture, excluding anaerobes)",5.39,7.35
40260,"Eye - Bacterial culture",8.47,11.55
40261,"Sputum (Culture) - Endotracheal aspiration",9.46,12.9
40262,"Vaginal secretions (culture, wet prep, KOH)",3.74,5.1
40263,"Stool culture",14.96,20.4
40264,"Clostridium difficile (toxins A and B) (rapid test) (membrane ELISA) (stool)",30.8,42
40265,"Sputum culture (Cystic fibrosis)",21.56,29.4
40266,"Methicillin resistant Stapylococcus aureus (MRSA) culture",3.74,5.1
40268,"Group A Streptococcus (antigen detection) (rapid clinical specimen test)",9.79,13.35
40269,"Streptococcus group B recto-vaginal culture",6.49,8.85
40270,"Streptococcus group B recto-vaginal culture (agglutination on broth)",10.78,14.7
40271,"Sterility (blood product)",23.1,31.5
40280,"Vaginal secretions (Gram direct for vaginosis)",10.78,14.7
40285,"Stool Preparation for Feces Transplantation (without encapsulation)",84.7,115.5
40286,"Stool Preparation for Feces Transplantation (with encapsulation)",270.6,369
40310,"Urine culture (all methods of collection)",2.75,3.75
40330,"Stool (verocytotoxin E. coli) (cell culture)",31.9,43.5
40352,"Clostridioides difficile (GDH) + (toxins A and B) (membrane ELISA) (rapid test) (stool)",23.1,31.5
40355,"Completing and transferring a form to the LSPQ as part of mandatory monitoring (done by a laboratory emplo",3.41,4.65
40400,"Environmental culture (clinical specimen) stertility (per ampoule or caps) (ATTEST)",4.62,6.3
40401,"Environmental culture by site (air)",4.07,5.55
40403,"Preparation for environmental culture by site (water) (intra-hospital)",8.91,12.15
40405,"Environmental Culture for Aspergillus",5.61,7.65
40420,"Environmental culture (other) (intra-hospital)",4.95,6.75
40450,"Environmental Culture for Legionella",28.6,39
40480,"Sterility (pharmaceutical preparation)",10.56,14.4
40511,"Antiviral Susceptibility Testing for HSV, CMV, VVZ (IC50) (per virus)",91.3,124.5
40599,"Adenovirus (rapid detection on clinical specimen) (stool) (ELISA)",19.58,26.7
40602,"Aspergillus IgG or total Ac (per Ag) (counter-immunoelectrophoresis)",6.82,9.3
40603,"Diphteria (IgG or total antibodies)",28.6,39
40604,"Hemophilus influenzae (IgG or total antibodies)",36.3,49.5
40605,"Pneumococcus (IgG or total antibodies)",179.3,244.5
40606,"Tetanus (IgG or total antibodies)",28.6,39
40630,"Coronavirus (SARS-CoV-2) (IgG or total antibodies)",16.17,22.05
40641,"Cytomegalovirus (CMV) (IgG or total antibodies) (ELISA)",9.24,12.6
40642,"Cytomegalovirus (CMV) IgM specific (ELISA)",11.99,16.35
40661,"Epstein Barr Virus (EBV-EA) IgG or Total Antibodies (immunofluorescence)",39.6,54
40662,"Epstein Barr Virus (EBV) (EBNA) IgG or Total Antibodies (ELISA)",8.58,11.7
40665,"Epstein Barr Virus (EBV) (VCA) IgG or total antibodies (ELISA)",8.58,11.7
40666,"Epstein Barr Virus (EBV) (VCA) IgG or total antibodies (immunofluorescence)",23.1,31.5
40667,"Epstein Barr Virus (EBV) (VCA) specific IgM (ELISA)",10.56,14.4
40680,"Q fever : Coxiella burnettii IgG -IgM",74.8,102
40681,"Bartonella, cat scratch disease (antibodies)",24.2,33
40690,"Helicobacter pylori (IgG or total antibodies)",7.37,10.05
40693,"Herpes simplex (IgG or total antibodies) (ELISA)",10.56,14.4
40695,"Herpes simplex (IgG specific type 1 or 2) (per Ag) (ELISA)",7.04,9.6
40698,"HTLV 1 & 2 IgG or total Ab (ELISA)",8.36,11.4
40730,"Legionella IgG or total Ab (ELISA)",16.17,22.05
40740,"Mononucleosis heterophile antibody (agglutination)",10.56,14.4
40744,"Mycoplasma pneumoniae IgM specfic (ELISA)",17.93,24.45
40750,"Mumps (IgG or total antibodies) (ELISA)",7.37,10.05
40751,"Mumps (IgM specific) (ELISA)",9.35,12.75
40772,"Parvovirus (parvo B-19) IgM specific (ELISA)",21.56,29.4
40773,"Parvovirus (parvo B-19) (IgG or total antibodies) (ELISA)",17.27,23.55
40791,"Measles (IgG or total Antibodies) (ELISA)",8.36,11.4
40792,"Measles (IgM specific Antibodies) (ELISA)",9.57,13.05
40794,"Rubella (IgG or total antibodies) (ELISA)",7.59,10.35
40797,"Rubella (IgM specific Antibodies) (ELISA)",8.91,12.15
40800,"RA (rheumatoid factor)",7.59,10.35
40811,"Anti-streptolysin O group A streptococci (ASO) IgG or total Ac (quantitative) (nephelometry)",2.53,3.45
40812,"Anti-streptolysin O group A streptococcus (ASO) IgG or total Ab (quantitative) (manual)",12.65,17.25
40813,"Streptozyme Group A IgG or Total Ab",13.86,18.9
40814,"Syphilis non-treponemal antigen (RPR) IgG or total Ab",8.47,11.55
40815,"Syphilis screen (EIA)",7.7,10.5
40816,"Streptococcus Group A (qualitative) on slide",6.27,8.55
40832,"Toxoplasmosis IgG or total antibodies (ELISA)",7.37,10.05
40833,"Toxoplasmosis IgM specific (ELISA)",15.18,20.7
40850,"HIV IgG or total antibodies and p24 antigen screen (ELISA)",7.7,10.5
40853,"Herpes virus Varicella-Zoster (VZV) IgG specific (ELISA)",11.77,16.05
40855,"Herpes virus Varicella-Zoster (VZV) IgM specific (ELISA)",9.35,12.75
40900,"Mycobacteria (blood culture)",17.6,24
40902,"Mycobacteria (culture on liquid and solid media)",36.3,49.5
40904,"Mycobacteria (direct examination on clinical specimen) (auramine)",11.99,16.35
40907,"Mycobacteria (direct examination on clinical specimen) (Ziehl)",26.4,36
40920,"Mycobacterium tuberculosis (PPD) (induration and reading) (done by a technologist)",4.29,5.85
40922,"Identification of a mycobacterium to the genus or species (mass spectrometry - MALDI-TOF)",1.76,2.4
41001,"Galactomannan (Aspergillus antigen) (ELISA)",36.3,49.5
41020,"Cryptococcus (Ag) (serum or CSF) (agglutination)",10.12,13.8
41031,"Fungus (blood culture)",10.01,13.65
41050,"Yeast (specific culture)",6.27,8.55
41051,"Multiresistant yeast (Candida auris) (screening)",6.49,8.85
41055,"Antifungal minimum inhibitory concentration (MIC): broth microdilution - CLSI method or YeastOne Sensititre (",59.4,81
41056,"Antifungal minimum inhibitory concentration (MIC): disk diffusion on agar (Kirby Bauer) - CLSI method",13.31,18.15
41070,"Mycology (direct examination on clinical specimen) (including wet prep, KOH, calcofluor)",11.55,15.75
41071,"Deep fungus (including yeasts)",31.9,43.5
41072,"Superficial fungus (dermatophyte) (including yeasts)",21.89,29.85
41076,"Filamentous fungi (manual identification)",27.5,37.5
41077,"Identification of filamentous fungi by genus or species (mass spectrometry - MALDI-TOF)",1.76,2.4
41078,"Identification of yeasts to the genus or species (mass spectrometry - MALDI-TOF)",1.76,2.4
41120,"Malaria (rapid detection of Ag) (immunochromatography)",15.4,21
41121,"Malaria (smear + thick drop) (preparation and staining)",10.23,13.95
41140,"Pinworms (search by sticky tape)",8.58,11.7
41150,"Parasites in blood, tissues and body fluids (detection) (except malaria, Trichomonas)",50.6,69
41151,"Fecal parasites (Giardia, Cryptosporidium) (immunofluorescence)",27.5,37.5
41152,"Fecal parasites (by permanent stains, except iodine staining or wet prep)",15.18,20.7
41153,"Fecal parasites (by concentration, wet prep or iodine staining including reading)",15.84,21.6
41154,"Pneumocystis jirovecii (detection) (direct immunofluorescence)",70.4,96
41160,"Strongyloidosis (specific culture)",28.6,39
41170,"Trichomonas vaginalis (culture)",15.73,21.45
41171,"Trichomonas vaginalis (antigen detection)",12.1,16.5
41180,"Ectoparasites and worms (identification)",5.5,7.5
41224,"Cytomegalovirus (CMV) (Shell vial)",74.8,102
41282,"Herpes simplex type I or II (rapid detection on a clinical specimen including typing) (by immunofluorescence)",25.3,34.5
41301,"Influenza (including A and B) (rapid detection on clinical specimen) (ELISA)",31.9,43.5
41370,"Rotavirus (rapid detection) (ELISA)",20.35,27.75
41371,"Respiratory syncytial virus (RSV) (rapid detection in clinical specimen) (ELISA)",34.1,46.5
41380,"Clostridioides difficile (toxins A and B) (cell culture) (stool)",34.1,46.5
41382,"Clostridioides difficile (toxins A and B) (ELISAon microplate) (stool)",23.1,31.5
41397,"Mumps (cell culture)",108.9,148.5
41398,"Rhinovirus (acidity test)",124.3,169.5
41399,"Measles (cell culture)",207.9,283.5
41405,"Virus-Normally sterile specimen (biopsy, CSF, body fluid) (cell culture)",107.8,147
41406,"Virus-Urinary specimen (cell culture)",128.7,175.5
41410,"Varicella-Zoster virus (VZV) (cell culture in microplate)",68.2,93
41411,"Varicella-Zoster virus (VZV) (cell culture in tube)",102.3,139.5
41412,"Varicella-Zoster virus (VZV) (Shell vial)",80.3,109.5
41413,"Varicella-Zoster virus (VZV) (rapid detection on clinical specimen) (immunofluorescence)",24.2,33
45002,"Anti-glutamate receptor (NMDA) (antibody search)",104.5,142.5
45004,"Adenovirus; viral load (NAAT) (quantitative) on blood",41.8,57
45008,"BK / JC polyomavirus; viral load (NAAT) (quantitative) on clinical specimen",106.7,145.5
45010,"Bordetella pertussis, Bordetella parapertussis, Mycoplasma pneumoniae and Chlamydophila pneumoniae; det",39.6,54
45017,"Carbapenemase (NAAT) (registered kit)",1.1,1.5
45018,"Chlamydia trachomatis and Neisseria gonorrhoeae; detection (NAAT) (multiplex) on urinary specimen",5.17,7.05
45020,"Chlamydia trachomatis and Neisseria gonorrhoeae; detection (NAAT) (multiplex) on extra-genital specimen",5.17,7.05
45022,"Chlamydia trachomatis and Neisseria gonorrhoeae; detection (NAAT) (multiplex) on genital specimen",5.17,7.05
45024,"Mycoplasma genitalium (NAAT)",18.59,25.35
45025,"Enteric pathogens; multiplex detection (viruses, bacteria and parasites) (NAAT) (registered kit) on clinical spe",118.8,162
45026,"Clostridioides difficile; detection of the toxin B gene (NAAT) on a clinical specimen",35.2,48
45028,"Coronavirus (SARS-CoV-2); detection (NAAT) (approved kit) on clinical specimen (Cobas 6800/8800 platform",21.56,29.4
45029,"Coronavirus (SARS-CoV-2); detection (NAAT) (approved kit) on clinical specimen (Seegene Platform)",17.49,23.85
45031,"Coronavirus (SARS-CoV-2); detection (NAAT) (approved kit) on clinical specimen",34.1,46.5
45032,"Cytomegalovirus (CMV) viral load (NAAT) (quantitative) on clinical specimen",42.9,58.5
45033,"Coronavirus (SARS-CoV-2); detection (NAAT) (rapid test, approved kit) on clinical specimen",73.7,100.5
45034,"Coronavirus (SARS-CoV-2); detection (NAAT) (non-approved kit) on clinical specimen",15.18,20.7
45035,"Vancomycin resistant enterococcus (VRE); detection (NAAT) (non-approved kit or test developed by the labor",4.18,5.7
45036,"Vancomycin-resistant enterococcus (VRE); detection (NAAT) (approved kit) on clinical specimen",40.7,55.5
45037,"Coronavirus (SARS-CoV-2): general screening of enhanced surveillance variant",26.4,36
45038,"Enterovirus; detection (NAAT) on cerebrospinal fluid (CSF)",39.6,54
45039,"Coronavirus (SARS-CoV-2): variant specific screening with enhanced surveillance",26.4,36
45040,"Shiga toxin producing Escherichia coli (STEC); detection (NAAT) on enrichment broth",16.83,22.95
45043,"Bacterial gastroenteritis; multiplex detection 7 bacteria: Salmonella, Shigella, Shiga-toxin producing bacteria, Y",14.19,19.35
45045,"Viral gastroenteritis; multiplex 5 virus detection: adenovirus 40/41 and total, rotavirus, norovirus, sapovirus, as",50.6,69
45046,"Influenza A; subtyping (eg H1N1) (NAAT) (non-approved kit or test developed by the laboratory) on clinical sp",26.4,36
45047,"Vancomycin-resistant Enterococcus (VRE) and Gram-negative carbapenemase-producing bacteria (GNPC) (",42.9,58.5
45048,"Influenza A and B; detection (NAAT) (multiplex) (approved kit) on clinical specimen",48.4,66
45050,"Influenza A and B; with or without subtyping including extraction and amplification (NAAT) (multiplex) (unappro",24.2,33
45051,"Coronavirus (SARS-CoV-2), Influenza A and B and RSV; detection (NAAT) (multiplex) (approved kit) on clinic",119.9,163.5
45052,"Coronavirus (SARS-CoV-2), Influenza A and B and RSV; detection (NAAT) (multiplex) (unlicensed kit) on clini",27.5,37.5
45053,"Coronavirus (SARS-CoV-2) and Influenza A and B; detection (NAAT) (multiplex) (approved kit) on clinical spe",62.7,85.5
45054,"Coronavirus (SARS-CoV-2) and Influenza A and B; detection (NAAT) (multiplex) (unlicensed kit) on clinical sp",26.4,36
45055,"Coronavirus (SARS-CoV-2) and respiratory viruses; multiplex detection 8 to 23 viruses (NAAT) (multiplex) (ap",181.5,247.5
45056,"Hepatitis B (HBV); viral load (NAAT) (quantitative) on clinical specimen",34.1,46.5
45058,"Hepatitis C (HCV); screening (NAAT) (qualitative) on clinical specimen",74.8,102
45060,"Hepatitis C (HCV); viral load (NAAT) (quantitative) on clinical specimen",29.7,40.5
45062,"Hepatitis E (HEV); viral load (NAAT) (quantitative) on clinical specimen",70.4,96
45064,"Herpes simplex type 1 or 2 (HSV1 or HSV2); (NAAT) (unapproved kit or test developed by the laboratory) on",39.6,54
45065,"Herpes simplex type 1, Herpes simplex type 2 (HSV1, HSV2) and Varicella-Zoster virus (VVZ); (NAAT) (unlic",7.26,9.9
45066,"Herpes simplex type 1 or 2 (HSV1 or HSV2); (NAAT) (approved kit) on clinical specimen",52.8,72
45068,"Herpes virus; multiplex detection 7 viruses: HSV1, HSV2, CMV, EBV, VVZ, HHV6, HHV7 (NAAT) (multiplex)",177.1,241.5
45072,"HLA-B * 57: 01 Detection (NAAT) on blood",28.6,39
45074,"Plasmodium falciparum (Malaria); detection (LAMP) (NAAT) on clinical specimen",36.3,49.5
45076,"Bacterial meningitis; multiplex detection 5 bacteria: S. pneumoniae, N.meningitidis, S. agalactiae, L. monocyto",149.6,204
45077,"Meningoencephalitis; multiplex detection 14 pathogens: 6 bacteria, 7 viruses and yeast (NAAT) (multiplex) on",184.8,252
45080,"Mycobacteria; (hybridization) (accuprobe) on solid or liquid culture mycobacteria",71.5,97.5
45082,"Mycobacteria; (NAAT) (approved kit) on clinical specimen",82.5,112.5
45084,"Mycobacterium tuberculosis (BK); identification (NAAT) on solid or liquid culture",50.6,69
45086,"Mycoplasma hominis, Mycoplasma genitalium and Ureaplasma spp .; detection (NAAT) (multiplex) on clinical",34.1,46.5
45088,"Mycoplasma pneumoniae and Chlamydophila pneumoniae; (NAAT) (multiplex) on clinical specimen other than",17.49,23.85
45092,"Parechovirus viral load (NAAT) (quantitative) on clinical specimen",45.1,61.5
45094,"Parvovirus B 19; (NAAT) on clinical specimen",62.7,85.5
45098,"Enteric protozoa; (NAAT) (multiplex) (approved kit) on clinical specimen",40.7,55.5
45099,"Methicillin-resistant Staphylococcus aureus (MRSA); detection (NAAT) (non-approved kit or test developed by",4.18,5.7
45100,"Methicillin-resistant Staphylococcus aureus (MRSA); detection (NAAT) on clinical specimen",38.5,52.5
45104,"Tropheryma whipplei; detection (NAAT) on clinical specimen",100.1,136.5
45111,"Measles virus; detection (NAAT) on clinical specimen",28.6,39
45112,"Human Immunodeficiency Virus (HIV) Viral Load (NAAT) (Quantitative) on Blood",31.9,43.5
45113,"Varicella-Zoster Virus (VVZ); detection (NAAT) (approved kit) on clinical specimen",48.4,66
45114,"Human immunodeficiency virus (HIV) Integrase genotyping (sequencing) on blood",158.4,216
45116,"Human Immunodeficiency Virus (HIV) Genotyping Tropism (Sequencing) on Blood",269.5,367.5
45118,"Human immunodeficiency virus (HIV) genotyping for antiretroviral resistance (sequencing) on blood",246.4,336
45120,"Epstein-Barr Virus (EBV); viral load (NAAT) (quantitative) on clinical specimen",41.8,57
45124,"Human papillomavirus (HPV); detection of oncogenic groups (NAAT) (multiplex) on a clinical specimen",18.15,24.75
45130,"Respiratory syncytial virus (RSV); detection (NAAT) (non-approved kit or test developed by the laboratory) on",25.3,34.5
45131,"Respiratory virus; multiplex detection 3 viruses (influenza A, influenza B and RSV) (NAAT) (multiplex) (approv",41.8,57
45132,"Respiratory viruses; multiplex detection 8 to 20 viruses (NAAT) (multiplex) (approved kit) on clinical specimen",163.9,223.5
45134,"Respiratory viruses; multiplex detection 12 to 15 viruses: influenza A, influenza B, synvotic respiratory virus (R",59.4,81
45140,"Kaposi's Sarcoma Virus (HHV8); detection (NAAT) on clinical specimen",124.3,169.5
45141,"Septic arthritis and bacterial pleural infection; multiplex detection 4 bacteria: Kingella kingae, Streptococcus ag",25.3,34.5
45142,"Streptococcus agalactiae (Streptococcus group B-SGB); prenatal screening (NAAT) on clinical specimen",9.9,13.5
50055,"CGH on microchips - Comparative genomic hybridization",635.8,867
50390,"Amino acids (quantitative) (LC-MS)",70.4,96
50400,"Precursor of cholesterol or profile of plasma sterols",31.9,43.5
50401,"AcetylCoA: glucosaminide N-acetyltransferase (MPS III C)",280.5,382.5
50405,"Orotic acid",56.1,76.5
50407,"Pipecolic acid",27.5,37.5
50409,"Methylmalonic Acidemia + Homocysteinemia, Cell Complementarity Diagnosis",1257.3,1714.5
50410,"Methylmalonic acidemia with homocysteinemia, cobalamin cofactor assay",905.3,1234.5
50411,"Amino acids (qualitative)",5.61,7.65
50412,"Amino acids (quantitative)",46.2,63
50415,"Organic acids (quantitative and qualitative analysis)",117.7,160.5
50416,"Sialic acid",64.9,88.5
50417,"Acylcarnitines and free carnitine (serum profile) (MS-MS)",20.68,28.2
50419,"Alpha-fucosidase (fucosidosis)",150.7,205.5
50420,"Alpha-galactosidase A (Fabry)",148.5,202.5
50421,"Alpha-glucosidase (GSD II)",158.4,216
50422,"Alpha-iduronidase (MPS I)",228.8,312
50423,"Alpha-mannosidase (mannosidose)",159.5,217.5
50424,"Alpha-N-acetyl-D-glucosaminidase (MPS III B)",204.6,279
50425,"Alpha-N-acetylgalactosaminidase (Schindler)",223.3,304.5
50429,"Arylsulfatase A (metachromatic leukodystrophy)",163.9,223.5
50432,"Free fatty acids (automated enzymatic colorimetric)",16.83,22.95
50433,"Type 1 glutaric aciduria (GA-1); Determination of 3-hydroxyglutaric acid in urine specimen (GC-MS)",126.5,172.5
50440,"Urinary acylglycines (LC-MS / MS)",139.7,190.5
50450,"Beta-galactocerebrosidase (Krabbe)",320.1,436.5
50451,"Beta-galactosidase (MPS IV B / GM1 gangliosidosis)",138.6,189
50452,"Beta-glucosidase (Left-handed)",167.2,228
50453,"Beta-glucuronidase (MPS VII)",166.1,226.5
50455,"Total beta-hexosaminidase, A and B (gangliosidosis GM2)",233.2,318
50456,"Beta-mannosidase (mannosidosis)",167.2,228
50457,"Biotinidase",139.7,190.5
50472,"Carnitine, Free and esterified (LC-MS / MS)",50.6,69
50476,"Culture of fibroblast cells for genetic study (including Mycoplasma research)",862.4,1176
50477,"Cystinosis-lysosome (lysosomal disease)",217.8,297
50483,"Spinal muscular atrophy (SMA), Severe combined immunodeficiency (SCID); Kit A (TREC; SMN1); (TAAN) o",53.9,73.5
50484,"Spinal muscular atrophy (SMA); Kit B (TREC; SMN1) - 2nd-line test; (TAAN) on dried blood",1.1,1.5
50485,"Spinal muscular atrophy (SMA); Kit C1 (SMN1) - 2nd-line test, part 2; (NAAT) on dried blood",1.1,1.5
50486,"Spinal muscular atrophy (SMA); Kit C2 (SMN2) - 2nd-line test, part 2; (NAAT) on dried blood",1.1,1.5
50487,"Severe combined immunodeficiency (SCID); Kit B (TREC; SMN1) - 2nd-line test; (NAAT) on dried blood",1.1,1.5
50488,"Newborn screening for major sickle cell syndromes (HPLC)",2.75,3.75
50489,"Newborn screening for major sickle cell syndromes - 2nd line test (capillary electrophoresis)",11.55,15.75
50490,"Neonatal screening for metabolic diseases on urine (qualitative)",5.83,7.95
50520,"Galactosamine-6-sulfatase (MPS IV A)",172.7,235.5
50521,"Galactose-1-phosphate (enzymatic)",315.7,430.5
50523,"Guanidinoacetate creatine",13.97,19.05
50524,"Urinary globotriaosylceramide (Gb3) (LC-MS / MS)",35.2,48
50530,"Heparan sulfate sulfatase (MPS III A)",306.9,418.5
50540,"Iduronate sulfatase (MPS II)",300.3,409.5
50550,"Acid lipase (Wolman / CESD)",167.2,228
50561,"Methylenetetrahydrofolate reductase (MTHFR) MTHF incorporation index",910.8,1242
50562,"Mucopolysaccharides (glycosaminoglycans) (LC MS-MS)",21.34,29.1
50580,"Oligosaccharides",31.9,43.5
50600,"Phenylalanine on dried blood",0.99,1.35
50601,"Protein Assay for Biochemical Genetic Testing",68.2,93
50602,"Leukocyte isolation for biochemical genetic testing",78.1,106.5
50603,"Total hexosaminidase only",138.6,189
50604,"Propionyl-coA-carboxylase, propionate incorporation index",853.6,1164
50605,"Purines and pyrimidines",19.69,26.85
50608,"Long chain fatty acids (full profile) (GC / MS)",36.3,49.5
50620,"Sialidase / neuraminidase (sialidosis)",172.7,235.5
50621,"Sphingomyelinase (Niemann-pick A and B)",265.1,361.5
50624,"Succinylacetone (quantitative) (GC-MS)",51.7,70.5
50641,"Thyroxine (T4) total on dried blood",5.72,7.8
50642,"Transcobalamin II",1065.9,1453.5
50645,"Tyrosine on dried blood",0.99,1.35
50646,"Trypsin immunoreactive (IRT) on dried blood",4.95,6.75
50648,"Chorionic villus dissection and culture",166.1,226.5
50649,"Chorionic villus karyotype using direct technique",255.2,348
50710,"Karyotype (amniotic fluid)",431.2,588
50712,"Karyotype (tissue)",533.5,727.5
50713,"Karyotype for hematological diseases (marrow and blood)",679.8,927
50714,"Karyotype for solid tumor",807.4,1101
50715,"Karyotype chorionic villi after culture",437.8,597
50716,"Special staining in cytogenetics (C-Q-DAPI-NOR band)",163.9,223.5
50717,"Cell culture with cytogenetic functional study X inactivation",672.1,916.5
50718,"Cell culture for genetic diagnosis (cells in suspension)",86.9,118.5
50719,"FISH on interphasic nucleus for detection of rearrangement in oncology with fusion or separation probe",222.2,303
50720,"FISH Interphase for number anomaly",266.2,363
50722,"FISH on metaphase",236.5,322.5
50723,"Cell culture freezing for genetic study",26.4,36
50724,"Thawing and re-culturing cells for genetic study",21.12,28.8
50728,"Cell culture for genetic diagnosis (adherent cells)",218.9,298.5
50740,"Diagnosis of chromosomal breaks (Fanconi, Bloom, etc.)",793.1,1081.5
50800,"TSH on dried blood",2.2,3
50802,"Neonatal screening for inborn errors of metabolism (8 to 15 diseases)",12.98,17.7
55002,"Apolipoprotein E; APOE (Cys112Arg et Arg158Cys) (NAAT)",47.3,64.5
55008,"Familial hypercholesterolemia (LDL receptor gene) (del 5-15 Kb) (NAAT)",85.8,117
55010,"Familial hypercholesterolemia (HF), R-LDL Panel 1 gene (del 5, del 15 kb, Trp66Gly, Cys646Tyr) (NAAT)",89.1,121.5
55012,"Familial Hypercholesterolemia (HF), R-LDL Panel 2 Gene (Glu207Lys, Cys152Trp, Arg329Xaa, Cys347Arg, T",136.4,186
55016,"Lipoprotein lipase (LPL gene) Panel 2 (Asp9Asn, Asp250Asn, Asn291Ser) (NAAT)",23.1,31.5
55018,"Familial hypercholesterolemia (HF), R-LDL gene (NAAT, single mutation)",161.7,220.5
55039,"Targeted sequencing of genes associated with hereditary cardiomyopathies/arrhythmias/aortopathies (cardiog",951.5,1297.5
55041,"Targeted sequencing of genes associated with familial hypercholesterolemia, familial hyperchylomicronemia, f",926.2,1263
55042,"Virtual panel of genes associated with cardiomyopathies (cardiogenetics) (interpretation only)",267.3,364.5
55043,"Virtual gene panel based on existing SNG data for familial hypercholesterolemia, familial hyperchylomicronem",425.7,580.5
55044,"Search for familial deletions and duplications or confirmation of deletions and duplications (cardiogenetics)",178.2,243
55045,"Search for familial deletions and duplications or confirmation of deletions and duplications (familial dyslipidemi",178.2,243
55067,"Virtual panel of genes associated with hereditary arrhythmias (cardiogenetics) (interpretation only)",267.3,364.5
55068,"Virtual panel of genes associated with hereditary aortopathies (cardiogenetics) (interpretation only)",267.3,364.5
55069,"Familial SNV or confirmation of SNV (cardiogenetic)",178.2,243
55070,"Familial nucleotide variant (SNV) testing or SNV confirmation (familial dyslipidemia)",178.2,243
55081,"Hereditary cardiac amyloidosis TTR; TTR; (sequencing, complete coding regions)",227.7,310.5
55111,"Familial hypercholesterolemia (HF); LDLR; (search for large genetic variations by MLPA)",111.1,151.5
55132,"Methylmalonic acidemia with homocystinuria; MMACHC, LMBR1D (sequencing)",239.8,327
55133,"Spinal muscular atrophy (SMA); exon 7 deletion SMN1, SMN2 (TAAN)",1.1,1.5
55134,"Spinal muscular atrophy (SMA); exon 7 SMN1 deletion; (MLPA)",290.4,396
55136,"Spinal atrophy (SMA); SMN1 (exon 7-8 del) (NAAT)",234.3,319.5
55138,"Spinal atrophy (SMA); SMN1; (family study by genetic linkage)",1157.2,1578
55142,"Friedreich's ataxia (FA); FXN (expansion of trinucleotides); (NAAT)",60.5,82.5
55146,"Colon Cancer; MLH1, MSH2, MSH6, PMS2, EPCAM; (MLPA, deletion and duplication analysis)",108.9,148.5
55148,"Colon Cancer; MLH1, MSH2, MSH6, PMS2; (sequencing, individual mutation)",189.2,258
55152,"Colon Cancer; MLH1, MSH2, MSH6; search for a mutation, (TPT)",317.9,433.5
55154,"Colon Cancer; MLH1; complete coding regions (sequencing)",765.6,1044
55156,"Colon Cancer; MLH1; promoter methylation (NAAT)",148.5,202.5
55158,"Colon Cancer; MSH2; complete coding regions (sequencing)",694.1,946.5
55160,"Colon Cancer; MSH6; complete coding regions (sequencing)",694.1,946.5
55162,"Colon Cancer; MSH6; mutation search, (TPT)",535.7,730.5
55164,"Colon Cancer; PMS2; mutation search, (TPT)",575.3,784.5
55166,"Breast cancer, ovarian cancer; BRCA1, BRCA2; Ashkenazi Jewish mutations (NAAT)",206.8,282
55167,"Breast cancer, ovarian cancer; PALB2; detection of the Q775X allele (sequencing)",172.7,235.5
55168,"Breast cancer, ovarian cancer; BRCA1, BRCA2; (individual transfer)",149.6,204
55170,"Breast cancer, ovarian cancer; BRCA1, BRCA2; (French-Canadian transfers)",508.2,693
55171,"Breast cancer, ovarian cancer, hereditary; BRCA1 and BRCA2 - search for mutations (SNG)",602.8,822
55172,"Multiple endocrine neoplasia type II (MEN II); RET; (7 exons) (sequencing)",540.1,736.5
55174,"X-linked Charcot-Marie-Tooth type 1 (CMTX1); GJB1; (sequencing, complete coding regions)",258.5,352.5
55176,"Charcot-Marie-Tooth type 1A (CMT1A); PMP22; (Quantitative NAAT)",254.1,346.5
55178,"North Native American Infantile Cirrhosis (NAIC); CIRHIN (CIRH1A); Arg565Trp; (NAAT)",140.8,192
55180,"Craniosynostosis, Apert syndrome; FGFR2 (Ser252Trp and Pro253Arg); (NAAT)",166.1,226.5
55182,"Craniosynostosis, Muenke syndrome; FGFR3 (Pro250Arg); (NAAT)",156.2,213
55194,"Congenital glycosylation deficiency type 1b (CDG-Ib); MPI (Arg295His)",16.06,21.9
55198,"Alpha-1 antitrypsin deficiency (AATD); SERPINA1 (Arg101His, Ala213Val, Glu264Val, Glu342Lys and Glu376",192.5,262.5
55208,"Hydrotic ectodermal dysplasia or Clouston syndrome; GJB6 (Gly11Arg, Val37Glu, Asp50Asm and Ala88Val)",185.9,253.5
55209,"Thanatophoric dysplasia types I and II (Exons 7, 10, 15 and 19) (FGFR3) (sequencing)",303.6,414
55212,"Duchenne muscular dystrophy and Becker muscular dystrophy; DMD; (deletion / duplication)",310.2,423
55214,"Steinert's myotonic dystrophy; (expansion of trinucleotides)",306.9,418.5
55218,"Cystic Fibrosis (CF); CFTR; (sequencing, individual mutation)",171.6,234
55219,"Cystic fibrosis (CF); CFTR; (panel of 71 mutations) on dried blood",116.6,159
55221,"Cystic fibrosis (CF); CFTR (SNG)",325.6,444
55222,"Cystic fibrosis (CF); CFTR; (NAAT, individual mutation)",31.9,43.5
55223,"Familial Mediterranean fever (FMF); MEFV (Glu148Gln, Met680Ile, Met694Val, Met694Ile and Val726Ala) (TA",229.9,313.5
55224,"Type I hereditary hemochromatosis; HFE (C282Y, H63D) (NAAT)",25.3,34.5
55228,"Male infertility Y chromosome microdeletion",260.7,355.5
55236,"Leukoencephalitis Cree (CL); TREX1: Arg164Xaa, (NAAT)",19.47,26.55
55238,"Cree Leukoencephalopathy; elF2B5: (Arg195His) (NAAT)",19.47,26.55
55244,"Huntington's disease (HD); HTT (expansion of trinucleotides)",381.7,520.5
55254,"Mitochondrial disease, enzymatic activity",853.6,1164
55255,"Mitochondrial disease, detection of complexes I to V (BN-PAGE)",499.4,681
55256,"Mitochondrial disease, mtDNA (SNG)",820.6,1119
55268,"Phenylketonuria (PKU); PAH; (sequencing, individual mutation)",171.6,234
55274,"Colonic adenomatous polyposis; APC; (MLPA) search for duplication / deletion",114.4,156
55276,"Colonic adenomatous polyposis; APC, exon 15 (TPT)",708.4,966
55280,"Multiple intestinal polyposis; MUTYH (REB), panel of mutations",189.2,258
55288,"Non-syndromic deafness; GJB2, Connexin 26; (sequencing, complete coding regions)",266.2,363
55290,"Non-syndromic deafness; GJB2, GJB6; (sequencing, individual mutation)",171.6,234
55292,"Non-syndromic deafness; GJB6, Connexin 30, 2 deletions (NAAT)",60.5,82.5
55294,"Fragile X syndrome; FMR1 (expansion of trinucleotides)",97.9,133.5
55300,"RETT syndrome, MECP2 gene (sequencing and MLPA)",513.7,700.5
55302,"Triple H syndrome or hyperornithinaemia-hyperammonemia-homocitrullinuria syndrome (SLC25A15: p.Phe18",207.9,283.5
55305,"Non-invasive prenatal genomic test (TGPNI)",442.2,603
55311,"Population supply - Four recessive diseases in Saguenay - Lac-Saint-Jean; (SACS 6594ΔT, SACS 5254C> T",27.5,37.5
55312,"Population supply - Four recessive diseases in Saguenay – Lac-Saint-Jean; (ALC-SLSJ; TH1; NSM / ACC; A",27.5,37.5
55313,"Four recessive diseases of Saguenay – Lac-Saint-Jean; (SACS 6594ΔT, SACS 5254C> T, LRPPRC C1061T",34.1,46.5
55314,"Four recessive diseases of Saguenay – Lac-Saint-Jean; (ALC-SLSJ; TH1; NSM / ACC; ARSACS) (NAAT) - d",41.8,57
55315,"Mucolipidosis type II (MLII); GNPTAB: c.3503_3504delTC (sequencing, individual mutation)",216.7,295.5
55318,"Hereditary diseases; familial mutation for confirmation or familial screening (sequencing)",218.9,298.5
55319,"Hereditary diseases; family mutation for confirmation or family screening (SNG))",1.1,1.5
55320,"Hereditary tyrosinemia type 1; FAH (14 exons) (Sanger sequencing)",358.6,489
55330,"Targeted virtual panel of genes associated with muscular dystrophies analyzed from exome sequencing data",267.3,364.5
55332,"Targeted virtual panel of genes associated with congenital myopathies analyzed from exome sequencing data",267.3,364.5
55334,"Targeted virtual panel of genes associated with congenital myasthenia gravis analyzed from exome sequencin",267.3,364.5
55336,"Targeted virtual panel of genes associated with malignant hyperthermia analyzed from exome sequencing dat",239.8,327
55338,"Targeted virtual panel of rhabdomyolysis-associated genes analyzed from exome sequencing data (interpreta",267.3,364.5
55340,"Global virtual panel of genes associated with muscle diseases from exome sequencing data (interpretation on",294.8,402
55350,"Targeted virtual panel of genes associated with amyotrophic lateral sclerosis analyzed from exome sequencin",267.3,364.5
55352,"ATXN2 repeat expansion analysis (NAAT)",117.7,160.5
55354,"C9orf72 repeat expansion analysis (NAAT)",215.6,294
55356,"Sequencing of SOD1, FUS and TARDBP (SNG) genes",415.8,567
55360,"Targeted virtual panel of genes associated with intellectual disability analyzed from exome sequencing data (in",239.8,327
55365,"Sequencing of genes related to Noonan syndrome/RASopathy (prenatal and postnatal) (NGS)",559.9,763.5
55370,"Targeted virtual panel of genes associated with mitochondrial diseases linked to nuclear DNA mutations analy",239.8,327
55372,"Targeted virtual panel of genes associated with polymalformation syndromes analyzed from exome sequencin",377.3,514.5
55376,"Targeted virtual panel of breast cancer-associated genes analyzed from hereditary cancer panel data (interpr",1.1,1.5
55378,"Targeted virtual panel of ovarian cancer-associated genes analyzed from hereditary cancer panel data (interp",1.1,1.5
55380,"Targeted virtual panel of pancreatic cancer-associated genes not associated with hereditary chronic pancreati",1.1,1.5
55382,"Targeted virtual panel of prostate cancer-associated genes analyzed from hereditary cancer panel data (interp",1.1,1.5
55384,"Targeted virtual panel of endometrial cancer-associated genes analyzed from hereditary cancer panel data (in",1.1,1.5
55386,"Targeted virtual panel of colon cancer-associated genes analyzed from hereditary cancer panel data (interpret",1.1,1.5
55388,"Targeted virtual panel of genes associated with colorectal polyposis analyzed from data from the panel of here",1.1,1.5
55390,"Targeted virtual panel of genes associated with hereditary gastric cancers analyzed from the data of the hered",1.1,1.5
55392,"Targeted virtual panel of pediatric solid tumor predisposition genes; analyzed from exome sequencing data (in",218.9,298.5
55393,"Targeted virtual panel of predisposition genes for pediatric hematological tumors, cytopenia, bone marrow fail",218.9,298.5
55400,"Verification of sample identity (SNaPshot genotyping) (DNA)",48.4,66
55402,"Verification of sample identity (SNaPshot genotyping) (RNA)",78.1,106.5
60000,"Creutzfeldt-Jakob autopsy assistance (including all samples)",246.4,336
60002,"Assistance with metabolic autopsy or sudden infant death (including radiology, evisceration and all samples) (r",267.3,364.5
60003,"Anti-sperm (semen / serum) (IgG and IgA)",31.9,43.5
60005,"Storage of sperm straws (sperm bank)",3.85,5.25
60006,"Cryopreservation (sperm) (transformation)",72.6,99
60030,"Autopsy assistance (including evisceration and all samples, excluding spinal cord removal)",309.1,421.5
60031,"Fetal autopsy assistance (including placenta and all samples)",174.9,238.5
60040,"Non-small cell lung cancer (NSCLC); PD-L1 (immunohistochemistry)",130.9,178.5
60041,"Non-small cell lung cancer (NSCLC); ALK (immunohistochemistry)",20.24,27.6
60042,"Colorectal cancer; MSI (MSH, MLH1, MSH2, MSH6 and PMS2) (immunohistochemistry)",37.4,51
60044,"Analysis of ROS1 by immunohistochemistry (IHC)",49.5,67.5
60046,"Specific tumor markers (PD-L1) (immunohistochemistry) (by marker, including count)",125.4,171
60050,"Special coloring",26.4,36
60051,"Special coloring: large format blade",35.2,48
60100,"Cassette with or without assistance to the pathologist, resident or assistant pathologist",1.32,1.8
60101,"Assistance for biopsy sampling (for pathology or cytology) (excluding travel)",13.53,18.45
60122,"Macroscopic description of complex surgical parts performed by a medical technologist or assistant-pathologi",14.19,19.35
60124,"Macroscopic description of non-complex surgical parts performed by a medical technologist or assistant-patho",3.85,5.25
60128,"Macroscopic description of very complex surgical parts performed by a medical technologist or assistant-path",56.1,76.5
60130,"Coronavirus (SARS-CoV-2); Detection by chromogenic in situ hybridization (RNA Scope)",207.9,283.5
60140,"Embedding in agar and fixation for micro-specimen",5.06,6.9
60141,"Extemporaneous examination (staining included)",13.86,18.9
60142,"Extemporaneous examination exclusively for MOH’S surgery",31.9,43.5
60148,"Immunohisto / cytochemistry (double labeling) (immunohistochemistry) (controls included)",30.8,42
60150,"Immunofluorescence on tissue",29.7,40.5
60151,"Immunohisto / cytochemistry (immunohistochemistry) (controls included)",23.1,31.5
60162,"Preparation of a straw purchased from a bank for insemination (washed and unwashed)",29.7,40.5
60163,"Preparation of straw for insemination (spouse's sperm) (washed and unwashed)",11.99,16.35
60168,"Preparation of paraffin tissue ribbons for nucleic acid extraction",5.72,7.8
60178,"Preparation of white slides (for sending technical slides outside the facility or for preservation of precious tissu",2.86,3.9
60180,"Macroscopic photograph for surgery or autopsy (filed in the file) performed by a medical technologist or assist",2.97,4.05
60189,"Immunohistochemical biomarkers (for therapeutic purposes) (by marker, including count)",25.3,34.5
60190,"X-ray of surgical parts or blocks (excluding displacement)",7.7,10.5
60200,"Routine coloring, waxed tissue",4.07,5.55
60301,"Histo-enzymology (muscle or nerve)",101.2,138
60351,"Nerve, without micro dissection",52.8,72
60352,"Histomorphometric analysis of a non-decalcified bone specimen",904.2,1233
60441,"Gynecological cytology in liquid medium (preparation)",12.87,17.55
60442,"Non-gynecological cytology in liquid medium (preparation)",14.85,20.25
60470,"Pap smears (including liquid medium) (read only by cytologist)",9.79,13.35
60471,"Non-gynecological smear or cytocentrifugation (preparation and staining)",10.78,14.7
60472,"Non-gynecological smear or cytocentrifugation (including liquid medium) (read only by cytologist)",8.91,12.15
60473,"Pap smears (preparation and staining)",3.41,4.65
60490,"Ploidy in fresh or frozen tissue",72.6,99
60500,"X-ray of a body (autopsy) (excluding displacement)",47.3,64.5
60543,"Lymph node research by degreasing performed by a medical technologist or assistant-pathologist",53.9,73.5
60544,"Search for lymph nodes by palpation performed by a medical technologist or assistant-pathologist",62.7,85.5
60570,"Specific tumor markers (HER 2 / neu) (immunohistochemistry) (by marker, including count)",71.5,97.5
60572,"Electron microscopy: from semi-fine to close",273.9,373.5
60573,"Electron microscopy: up to spon embedding",150.7,205.5
60590,"Ploidy on waxed tissue",179.3,244.5
60594,"Spermoconcentration and stimulation (sperm wash-gradient)",71.5,97.5
60595,"Complete Computer Assisted Spermogram (CASA)",27.5,37.5
60596,"Sperm viability (eosin - negrosin staining)",6.38,8.7
60611,"Macroscopic description without production of slide, block or cassette",4.84,6.6
60631,"Spermoconcentration and stimulation (sperm washing - SWIMM-UP)",42.9,58.5
60632,"Complete spermogram (fertility test) or vaso-vasostomy",41.8,57
60633,"Partial spermogram (post-vasectomy)",19.58,26.7
60700,"Slide scanning (digital pathology), performed by a medical technologist",3.96,5.4
60701,"Creation of a file in a digital image processing system (digital pathology)",9.9,13.5
60702,"Macroscopic image capture (filed in the file) (telepathology)",2.42,3.3
60705,"Macroscopic session of surgical parts (telepathology), performed by a medical technologist (cassette setting n",17.82,24.3
65000,"Breast cancer; prognostic test for tumors (ProsignaTM) (RNA hybridization)",3092.1,4216.5
65001,"Breast cancer; tumor prognostic test (Endopredict®) (TAAN)",3285.7,4480.5
65003,"Colorectal cancer, KRAS, NRAS (codon 12, 13, 59, 61, 117, 146), BRAF (codon 600) (SNG)",442.2,603
65004,"Colon Cancer; (instability of microsatellites, consensus 5 markers)",267.3,364.5
65005,"Ovarian cancer, BRCA1 and BRCA2 - screening for mutations in solid tumors (SNG)",653.4,891
65006,"Lung cancer; EGFR (exons 18 - 21) somatic mutation panel (NAAT)",224.4,306
65007,"Prostate cancer, BRCA1 and BRCA2 - screening for mutations in solid tumors (SNG)",653.4,891
65008,"Breast and stomach cancer, detection (ERBB2 or HER2 / neu) (FISH) (by marker, including count)",218.9,298.5
65010,"Renal carcinoma (t (X; 1) PRCC-TFE3) (tissue NAAT)",337.7,460.5
65011,"Non-small cell lung cancer (NSCLC); EGFR; Thr790Met mutation (exon 20) on circulating tumor DNA (liquid b",79.2,108
65012,"Renal carcinoma (t (6; 11) alpha-TFEB) (tissue NAAT)",313.5,427.5
65013,"Breast cancer; PIK3CA; search for 11 mutations (exons 7, 9 and 20) (TAAN)",309.1,421.5
65014,"Myxoid chondrosarcoma (t (9; 22) EWSR1-TEC and t (9; 17) TAF2N-TEC) (tissue NAAT)",337.7,460.5
65016,"B light chain lymphocyte clonality (NAAT, BIOMED-2 method)",216.7,295.5
65020,"T lymphocyte clonality B, G and D chains (NAAT, BIOMED-2 method)",289.3,394.5
65022,"Co deletion - chromosome 1p and 19q (FISH)",254.1,346.5
65030,"Dermato-Fibrosarcoma (COL1A1-PDGFB from t (17; 22) (NAAT on tissue)",295.9,403.5
65032,"Identification of the BCR-ABL1 breakpoint by t (9; 22) multiplex PCR (NAAT)",108.9,148.5
65034,"Fibrous dysplasia / McCune-Albright syndrome, mutations in the Arg201 and Gln227 codons of the GNAS1 ge",150.7,205.5
65036,"Dihydropyrimidine dehydrogenase (DPYD), mutations c.1905 + 1G> A (DPYD * 2A), c.2846A> T, c.1679T> G",39.6,54
65040,"Congenital t (12; 15) fibrosarcoma (NAAT)",191.4,261
65042,"Lymphoplasmacytic lymphoma, MYD88, detection of Leu265Pro mutation (NAAT)",79.2,108
65050,"GIST: CKIT and PDGFRA (12 sequencing)",456.5,622.5
65065,"Brain cancer; IDH1 (R132), IDH2 (R172) (NAAT, individual mutations)",190.3,259.5
65070,"Colon Cancer; KRAS, search for targeted mutations (exons 2, 3, 4) (NAAT)",145.2,198
65080,"Leukemia ALL (2 amplifications) detection of translocations (NAAT)",191.4,261
65082,"Leukemia LLC, Igh Vh (sequencing)",203.5,277.5
65084,"AML leukemia, t (8; 21) 2 amplification translocation detection (NAAT)",116.6,159
65086,"AML leukemia, detection of reversal (16) 2 amplifications (NAAT)",114.4,156
65088,"AML leukemia (FLT3 / ITD mutation)",82.5,112.5
65090,"AML leukemia (FLT3 / TKD mutation) (NAAT)",124.3,169.5
65091,"AML leukemia, prognostic stratification, 6-gene panel (SNG)",878.9,1198.5
65092,"CML and ALL leukemia (BCR-ABL1 from t (9; 22)) (quantitative NAAT)",114.4,156
65094,"Leukemia APL (FAB-M3), single amplified t (15; 17) PML / RAR (quantitative NAAT)",125.4,171
65098,"AML leukemia (C / EPBa mutation) (sequencing)",735.9,1003.5
65120,"Leukemia - familial predisposition, RUNX1 gene (sequencing)",258.5,352.5
65121,"Leukemia - familial predisposition, PAX5 gene (sequencing)",304.7,415.5
65122,"Germline mutations - familial predisposition, TP53 gene (sequencing)",328.9,448.5
65128,"Leukemia and solid tumors: translocation validation (TAAN)",400.4,546
65130,"Myxoid liposarcoma (t (12; 16) FUS-CHOP, t (12; 22) EWRS1-CHOP) (NAAT) on tissue",337.7,460.5
65134,"Large t cell lymphoma (2; 5) (NAAT)",191.4,261
65138,"Follicular lymphoma, search for translocation (BCL-2 of t (14; 18)) (NAAT)",139.7,190.5
65145,"CALR gene mutation, exon 9 (NAAT)",15.62,21.3
65147,"Methylation of the O-6-methylguanine-DNA methyltransferase (MGMT) gene",161.7,220.5
65148,"Primary myelofibrosis and essential thrombocythemia; MPL; mutations Trp515Leu, Trp515Lys, Trp515Ala and",13.75,18.75
65149,"Colon Cancer; NRAS, screening for targeted mutations (exons 2, 3, 4; codons 12, 13, 61 and 146) (NAAT)",239.8,327
65150,"Leukemia AML, nucleophosmin gene NPM1 (exon 12) (NAAT)",150.7,205.5
65155,"Polycythemia vera (JAK2-Val617Phe mutation) (NAAT)",168.3,229.5
65156,"Polycythemia vera; JAK2; exon 12 mutations (NAAT)",39.6,54
65160,"Search for Kappa, Lambda or EBV light chains by chromogenic in situ hybridization (CISH)",160.6,219
65162,"Alveolar rhabdomyosarcoma t (1; 13) t (2; 13) (NAAT)",228.8,312
65164,"Clear cell sarcoma or angiomatoid fibrous histiocytoma (FUS-ATF1 from t (12; 16), EWSR1-CREB1 from t (1",381.7,520.5
65166,"Alveolar soft tissue sarcoma (t (X; 17) ASPL-TFE3 (NAAT)",295.9,403.5
65168,"Ewing sarcoma EWS / FL1 t (11; 22) and EWS / ERG t (21; 22) (NAAT)",225.5,307.5
65170,"Low-grade fibromyxoid sarcoma (FUS-CREB3L2 from t (7; 16), FUS-CREB3L1 from t (11; 16)) (NAAT)",360.8,492
65172,"Synovial sarcoma t (x; 18) (NAAT)",229.9,313.5
65174,"Soft tissue and bone sarcoma; translocation analysis (SNG)",995.5,1357.5
65180,"Hypereosinophilic syndrome (4q12 deletion FIP1L1-PDGFRA) (NAAT)",182.6,249
65182,"Myelo-proliferative neoplasia NMP / MDS (ETV6-PDGFRB) of t (5; 12) (NAAT)",243.1,331.5
65196,"Desmoplastic Small Cell Tumor EWS / WT1 (NAAT)",169.4,231
65198,"Brain tumors; H3F3A (Lys27Met and Gly34Val / Arg mutations) and HIST1H3B (Lys27Met mutation) (sequenc",199.1,271.5
65199,"Non-small cell lung cancer (NSCLC); ALK rearrangement (FISH)",192.5,262.5
65200,"Analysis of ROS1 by fluorescence in situ hybridization (FISH)",192.5,262.5
65210,"Cell, marrow and tissue preparation in oncology",56.1,76.5
65217,"Virtual panel of targeted pediatric leukemia and tumor genes, analyzed from transcriptome sequencing data (i",218.9,298.5
65218,"Targeted virtual panel of pediatric leukemia and tumor genes, analyzed from tumor exome sequencing data (i",218.9,298.5
65220,"Multi-gene panel for diagnostic, prognostic or predictive purposes for bronchopulmonary cancer (NGS)",635.8,867
65222,"Multi-gene panel for diagnostic, prognostic or predictive purposes in colorectal cancer (SNG) (Focus Panel)",665.5,907.5
65224,"Multi-gene panel for diagnostic, prognostic or predictive purposes in thyroid cancer (SNG) (Focus Panel)",665.5,907.5
65226,"Multi-gene panel for diagnostic, prognostic or predictive purposes in urothelial carcinoma (NGC) (Focus Panel",665.5,907.5
65228,"Multi-gene panel for diagnostic, prognostic or predictive purposes in melanoma (SNG) (Focus Panel)",665.5,907.5
65230,"Multi-gene panel for diagnostic, prognostic or predictive purposes for gastrointestinal stromal tumor (GIST) (S",665.5,907.5
65232,"Multi-gene panel for diagnostic, prognostic or predictive purposes in breast cancer (SNG) (Focus Panel)",665.5,907.5
65240,"Tumor transcriptome sequencing (pediatric cancer) (SNG)",1622.5,2212.5
65241,"Tumor exome sequencing (pediatric cancer) (SNG)",1796.3,2449.5
65242,"Exome sequencing normal material (paired) (pediatric cancer) (SNG)",448.8,612
65245,"Panel testing for myeloid mutations (MDS, NMP and CCUS) (SNG)",936.1,1276.5
70002,"Intergrappe send outs (to a laboratory of another establishment)",2.97,4.05
70003,"Intragrappe send outs (between laboratories of the same establishment)",2.09,2.85
70005,"Sending or returning of slide / block / cassette",0.11,0.15
70006,"Shipping outside Quebec (by establishment)",122.1,166.5
70007,"Intra-Quebec Air send outs",246.4,336
70008,"Shipment on dry ice",6.6,9
70019,"Collection of the breath test for the detection of Helicobacter pylori with 13 carbon-labeled urea",40.7,55.5
70020,"Biological sampling (excluding blood and reception)",12.65,17.25
70021,"Capillary collection",25.3,34.5
70022,"Collection of a unit of whole blood, autologous donations or a traveling donor program",27.5,37.5
70023,"Venous collection",11.33,15.45
70024,"Pediatric venous collection <7 years (including collection assistance)",25.3,34.5
70026,"Support for bone marrow harvesting in SOP",179.3,244.5
70027,"Support for bone marrow or other specimen (excluding displacement)",67.1,91.5
70028,"Pyruvic acid (bedside sampling and deproteinization)",47.3,64.5
70029,"Therapeutic phlebotomy (bleeding)",19.36,26.4
75004,"Maternal Contamination (NAAT)",166.1,226.5
75006,"DNA or RNA extraction from a clinical specimen",21.12,28.8
75008,"DNA or RNA extraction from paraffin-embedded tissue",53.9,73.5
75010,"Microsatellite analysis technique (for uniparental disomy)",348.7,475.5
75020,"Germline exome sequencing for the investigation of genetic diseases (NGS)",448.8,612
75025,"Reclassification of variations of uncertain significance for a given panel (virtual or not) (1-2 variations)",108.9,148.5
75026,"Reclassification of variations of uncertain significance for a given panel (virtual or not) (>2 variations)",218.9,298.5
75027,"Panel reinterpretation (virtual or not) depending on the number of genes analyzed (2-20 genes)",239.8,327
75028,"Panel reinterpretation (virtual or not) depending on the number of genes analyzed (21-100 genes)",267.3,364.5
75029,"Re-interpretation of panels (virtual or not) according to the number of genes analyzed (101-500 genes)",294.8,402
75030,"Re-interpretation of panels (virtual or not) according to the number of genes analyzed (>500 genes)",322.3,439.5
80007,"Alcohols (acetone, ethanol, isopropanol methanol) (serum / urine) (GC-MS)",56.1,76.5
80008,"Alprazolam (serum) (LC-MS-MS)",95.7,130.5
80010,"Amitriptyline and nortriptyline (serum) (LC-MS-MS)",95.7,130.5
80012,"Amphetamines (serum / urine) (LC-MS-MS) includes 10 substances",107.8,147
80013,"Tricyclic antidepressants (serum) (LC-MS-MS) includes 11 substances",107.8,147
80014,"Antipsychotic and non-tricyclic antidepressants (serum) (LC-MS-MS) includes 14 substances",107.8,147
80015,"SSRI antidepressants (serum) (LC-MS-MS) includes 11 substances",107.8,147
80020,"Benzodiazepines (urine) (LC-MS-MS) includes 25 substances",107.8,147
80024,"Polychlorinated biphenyls (PCBs), polybrominated (PBDEs), toxaphenes and organochlorine pesticides (plasm",211.2,288
80025,"Qualitative bromazepam (serum) (LC-MS-MS)",71.5,97.5
80028,"Cannabis (Delta9-tetrahydrocannabinol, Cannabidiol, Cannabinol, Carboxy-delta9-tetrahydrocannabinol, 11-Hy",90.2,123
80031,"Citalopram (Celexa®) (serum) (LC-MS-MS)",95.7,130.5
80033,"Clomipramine (serum) (LC-MS-MS)",95.7,130.5
80034,"Clozapine (serum) (LC-MS-MS)",95.7,130.5
80037,"Qualitative cocaine (blood / plasma) (LC-MS-MS) includes 4 substances",71.5,97.5
80038,"Cotinine (serum / urine) (LC-MS-MS)",112.2,153
80040,"Cyanide (blood) (GC-MS)",163.9,223.5
80041,"Desipramine (Norpramin®) (serum) (LC-MS-MS)",95.7,130.5
80049,"Diazepam (serum) (LC-MS-MS) includes 2 substances",95.7,130.5
80050,"Doxepin (serum) (LC-MS-MS)",95.7,130.5
80052,"Ethylene glycol (serum) (GC-MS)",83.6,114
80054,"Iron (biopsies) (ICP-MS)",151.8,207
80057,"Fluoxetine (Prozac®) (serum) (LC-MS-MS) includes 2 substances",95.7,130.5
80059,"GHB (gamma hydroxybutyrate) (urine) (GC-MS)",89.1,121.5
80060,"Imipramine (serum) (LC-MS-MS)",95.7,130.5
80061,"Isopropanol (serum / urine) (GC-MS)",56.1,76.5
80063,"Lorazepam (Ativan®) (serum) (LC-MS-MS)",95.7,130.5
80066,"Maprotiline (Ludiomil®) (serum) (LC-MS-MS)",95.7,130.5
80069,"Metals (quantitative screening in blood and urine) (ICP-MS)",155.1,211.5
80075,"Nitrazepam (Mogadon®) (serum) (LC-MS-MS)",95.7,130.5
80078,"Nortriptyline (serum) (LC-MS-MS)",95.7,130.5
80080,"Opiates (urine) (GC-MS) includes 8 substances",107.8,147
80082,"Oxazepam (serum) (LC-MS-MS)",95.7,130.5
80084,"Paroxetine (serum) (LC-MS-MS)",95.7,130.5
80085,"Phencyclidine (PCP) (serum / urine) (LC-MS-MS)",95.7,130.5
80088,"Lead (blood) (ICP-MS)",48.4,66
80092,"Risperidone (Risperdal®) (serum) (LC-MS-MS) includes 2 substances",95.7,130.5
80094,"Sertraline (serum) (LC-MS-MS)",95.7,130.5
80099,"Qualitative drug and drug screening (serum / urine / gastric fluid) (GC-MS)",101.2,138
80100,"Trazodone (Desyrel®) (serum) (LC-MS-MS)",95.7,130.5
80102,"Triazolam (serum) (LC-MS-MS)",95.7,130.5
80104,"Trimipramine (serum) (LC-MS-MS)",95.7,130.5
80105,"Venlafaxine (serum) (LC-MS-MS) includes 2 substances",95.7,130.5
80109,"Acebutolol (serum) (LC-MS-MS)",95.7,130.5
80110,"Acetone (serum / urine) (GC-MS)",56.1,76.5
80129,"Clobazam (serum) (LC-MS-MS) includes 2 substances",95.7,130.5
80130,"Clonazepam (serum) (LC-MS-MS) includes 2 substances",95.7,130.5
80132,"Copper (Biopsies) (ICP-MS)",151.8,207
80135,"Diltiazem (serum) (LC-MS-MS)",95.7,130.5
80139,"Flurazepam (serum) (LC-MS-MS) includes 2 substances",95.7,130.5
80142,"Iodine (urine) (ICP-MS)",84.7,115.5
80149,"Metals (quantitative screening in hair, nails and tissue) (ICP-MS)",151.8,207
80150,"Methanol (serum / urine) (GC-MS)",56.1,76.5
80162,"Propranolol (serum) (LC-MS-MS)",95.7,130.5
80167,"Temazepam (serum) (LC-MS-MS)",95.7,130.5
80177,"Zinc protoporphyrin (ZPP) (blood)",31.9,43.5
80180,"Amiodarone (serum) (LC-MS-MS) includes 2 substances",95.7,130.5
80181,"Inorganic arsenic (urine) (ICP-MS)",75.9,103.5
80183,"Chlorpromazine (serum) (LC-MS-MS)",95.7,130.5
80185,"Urinary creatinine",6.6,9
80186,"Cyclobenzaprine (serum) (LC-MS-MS)",95.7,130.5
80187,"Urinary density (refractometer)",6.6,9
80190,"Diphenhydramine (serum) (LC-MS-MS)",95.7,130.5
80191,"Street drugs by enzyme immunoassay (amphetamines, barbiturates, benzodiazepines, cannabis, cocaine, ED",27.5,37.5
80194,"Ketamine (serum) (LC-MS-MS)",95.7,130.5
80196,"Methotrimeprazine (serum) (GC-MS)",95.7,130.5
80200,"pH (pH meter)",6.6,9
80201,"Procyclidine (serum) (LC-MS-MS)",95.7,130.5
80202,"Promethazine (serum) (LC-MS-MS)",95.7,130.5
80206,"Antineoplastics (5-fluorouracil, cyclophosphamide, gemcitabine, ifosphamide, irinotecan, methotrexate, paclita",72.6,99
80208,"Amphetamine (serum / urine) (LC-MS-MS)",95.7,130.5
80210,"Chlordiazepoxide (serum) (LC-MS-MS)",95.7,130.5
80211,"Dextrometorphan (urine) (GC-MS)",95.7,130.5
80212,"Dextrorphan (urine) (GC-MS)",95.7,130.5
80213,"Ephedrine / pseudoephedrine (serum / urine) (LC-MS-MS)",95.7,130.5
80214,"Ethanol (serum / urine) (GC-MS)",56.1,76.5
80216,"Flunitrazepam (serum) (LC-MS-MS) includes 2 substances",95.7,130.5
80218,"MDA (serum / urine) (LC-MS-MS)",95.7,130.5
80219,"MDEA (serum / urine) (LC-MS-MS)",95.7,130.5
80220,"MDMA and MDA (serum / urine) (ecstasy) (LC-MS-MS)",95.7,130.5
80221,"Methamphetamine and amphetamine (serum / urine) (LC-MS-MS)",95.7,130.5
80224,"Midazolam (serum) (LC-MS-MS)",95.7,130.5
80226,"Oxymorphone (urine) (GC-MS)",95.7,130.5
80227,"PMA (serum / urine) (LC-MS-MS)",95.7,130.5
80248,"Muconic acid, S-Phenylmercapturic acid (S-PMA) (urine) (benzene) (LC-MS-MS)",73.7,100.5
80255,"Bupropion (serum) (LC-MS-MS) includes 2 substances",95.7,130.5
80256,"Cannabis (metabolite: THC Delta-9-COOH) (urine) (LC / MS / MS)",125.4,171
80270,"Mirtazapine (serum) (LC-MS-MS)",95.7,130.5
80277,"Olanzapine (serum) (LC-MS-MS)",95.7,130.5
80284,"Quetiapine (serum) (LC-MS-MS)",95.7,130.5
80286,"Arsenic speciation (arsenocholine + arsenobetaine, As +3, As +5, dimethylarsinic acid, monomethylarsonic ac",188.1,256.5
80288,"6-acetylmorphine (urine) (LC-MS-MS)",95.7,130.5
80291,"Fentanyl and norfentanyl (urine / serum) (LC-MS-MS)",95.7,130.5
80293,"Iodine (hair / tissue) (ICP-MS)",151.8,207
80294,"Qualitative Levamisol (Urine) (LC-MS-MS)",71.5,97.5
80299,"Methadone and EDDP (urine) (LC-MS-MS)",95.7,130.5
80302,"S-Benzylmercapturic acid (toluene) (urine) (LC-MS-MS)",73.7,100.5
80304,"Perfluorinated compounds (PFBS, PFHxS, PFOS, PFBA, PFHxA, PFOA, PFNA, PFDA, PFUDA (plasma) (LC",79.2,108
80305,"Phthalate metabolites (MMP, MEP, 2-OH-MiBP, MiBP, MnBP, MCHP, MCHpP, MBzP, MEHP, MEHHP, MEO",125.4,171
80310,"Benzodiazepines (serum) (LC-MS-MS) includes 21 substances",107.8,147
80312,"Duloxetine (serum) (LC-MS-MS)",95.7,130.5
80317,"9-hydroxyrisperidone (Paliperidone or Invega) (serum) (LC-MS-MS)",95.7,130.5
80319,"Antineoplastics (cyclophosphamide, ifosphamide, alpha-fluoro-beta-alanine, methotrexate) (urine)(LC-MS-MS)",82.5,112.5
80346,"Cocaine (includes the metabolites: benzoylecgonine and ecgonine methyl ester) (quantitative) (urine) (LC-MS-",95.7,130.5
80350,"Alkylphosphates (DEDTP, DEP, DETP, DMDTP, DMP, DMTP) (urine) (GC-MS-MS)",74.8,102
80351,"Boron (urine) (ICP-MS-MS)",83.6,114
80352,"Buprenorphine, metabolites and qualitative naloxone (urine) (LC-MS-MS)",71.5,97.5
80353,"Qualitative screening for xenobiotics and metabolites (blood / serum / plasma / urine / fluids) (LC-MS-MS) incl",89.1,121.5
80362,"Qualitative synthetic cannabinoids (urine) (LC-MS-MS) includes 24 substances",136.4,186
80363,"Escitalopram (serum) (LC-MS-MS)",95.7,130.5
80365,"Hallucinogens and psychedelics (qualitative) (blood / serum / urine) (LC-MS-MS), includes LSD, LSZ, 25B, 25",71.5,97.5
80367,"Qualitative mytragynin (blood / serum / urine) (LC-MS-MS)",71.5,97.5
80368,"Qualitative Methylphenidate and Ritalinic Acid (Blood / Serum / Urine) (LC-MS-MS)",71.5,97.5
80369,"Qualitative methaqualone (blood / serum / urine) (LC-MS-MS)",71.5,97.5
80371,"New synthetic opioids (qualitative) (blood / serum / urine) (LC-MS-MS) includes AH-7921, desomorphine, MT-",71.5,97.5
80372,"6-acetylmorphine (blood / serum / plasma) (LC-MS-MS)",95.7,130.5
80373,"Acetylfentanyl (qualitative) (blood / serum / plasma) (LC-MS-MS)",71.5,97.5
80374,"Qualitative buprenorphine (blood / serum / plasma) (LC-MS-MS) includes 2 substances",95.7,130.5
80375,"Butorphanol (blood / serum / plasma) (LC-MS-MS)",95.7,130.5
80376,"Codeine (blood / serum / plasma) (LC-MS-MS)",95.7,130.5
80377,"Dextrometorphan (blood / serum / plasma) (LC-MS-MS)",95.7,130.5
80378,"Dextrorphan / levorphanol (blood / serum / plasma) (LC-MS-MS)",95.7,130.5
80379,"Dihydrocodeine (blood / serum / plasma) (LC-MS-MS)",95.7,130.5
80380,"Fentanyl (blood / serum / plasma) (LC-MS-MS) includes 2 substances",95.7,130.5
80381,"Hydrocodone (blood / serum / plasma) (LC-MS-MS)",95.7,130.5
80382,"Hydromorphone (blood / serum / plasma) (LC-MS-MS)",95.7,130.5
80383,"Meperidine (blood / serum / plasma) (LC-MS-MS) includes 2 substances",95.7,130.5
80384,"Methadone (blood / serum / plasma) (LC-MS-MS)",95.7,130.5
80385,"Morphine (blood / serum / plasma) (LC-MS-MS)",95.7,130.5
80386,"Naloxone (blood / serum / plasma) (LC-MS-MS)",95.7,130.5
80387,"Naltrexone (blood / serum / plasma) (LC-MS-MS)",95.7,130.5
80388,"Oxycodone (blood / serum / plasma) (LC-MS-MS) includes 2 substances",95.7,130.5
80389,"Oxymorphone (blood / serum / plasma) (LC-MS-MS)",95.7,130.5
80390,"Pentazocine (blood / serum / plasma) (LC-MS-MS)",95.7,130.5
80391,"Propoxyphene (blood / serum / plasma) (LC-MS-MS)",95.7,130.5
80392,"Tapentadol (blood / serum / plasma) (LC-MS-MS)",95.7,130.5
80393,"Tramadol (blood / serum / plasma) (LC-MS-MS) includes 2 substances",95.7,130.5
80394,"Mercury (methykmercury) speciation (GC-ICP-MS)",96.8,132
80400,"Aripiprazole (serum) (LC-MS-MS)",95.7,130.5
80401,"Qualitative Carfentanil (Blood / Serum) (LC-MS-MS)",71.5,97.5
80402,"Qualitative Carfentanil and Norcarfentanil (Urine) (LC-MS-MS)",71.5,97.5
80403,"Qualitative furanylfentanyl (urine) (LC-MS-MS)",71.5,97.5
80404,"U-47700 qualitative (urine) (LC-MS-MS)",71.5,97.5
80405,"Qualitative PCP, 3-MeO-PCP and 4-MeO-PCP (urine) (LC-MS-MS)",71.5,97.5
80406,"MDPV (qualitative) (bath salts) (serum / urine) (LC-MS-MS)",71.5,97.5
80410,"High sensitivity screening for opioids, fentanyl and derivatives (qualitative) (blood / serum / urine) (LC-MS-MS)",89.1,121.5
80412,"Glyphosate, glufosinate and their metabolites (AMPA and 3-MPPA) (urine) (LC-MS-MS)",122.1,166.5
80414,"Fluoride (serum)",113.3,154.5
80415,"Benzene and Toluene Metabolites (Urine) (LC-MS-MS)",134.2,183
80416,"Free cholesterol and phospholipids (serum) (enzyme immunoassay; Indiko Plus analyzer)",46.2,63
80417,"Free Opioids (Blood / Serum / Plasma) (UPLC-MS-MS)",107.8,147
80426,"Copper and iron (biopsy) (ICP-MS-MS)",151.8,207
80428,"Medication and drug confirmation",95.7,130.5
81000,"Bacterial identification (16S RNA) on clinical specimen with negative culture",93.5,127.5
81001,"Gram negative fermentative rod (enteric); identification (phenotype, sequencing)",1.1,1.5
81002,"Gram negative fermentative rod (enteric); antibiogram (microdilution in broth, epsilometry)",1.1,1.5
81003,"Non-fermentative Gram negative rod (BNF); identification (mass spectrometry - MALDI-TOF, sequencing)",1.1,1.5
81004,"Non-fermentative Gram negative rod (BNF); antibiogram (microdilution in broth, epsilometry)",1.1,1.5
81005,"Gram negative carbapenemase producing rod (BGNPC); discordant strain analysis (NAAT)",29.7,40.5
81006,"Gram negative carbapenemase producing rod (BGNPC); monitoring program",1.1,1.5
81010,"Gram positive rod (other than anaerobic); identification (sequencing)",1.1,1.5
81011,"Gram positive rod (other than anaerobic); antibiogram (microdilution in broth)",1.1,1.5
81015,"Gram positive cocci (other than anaerobic, S. aureus and S. pneumoniae); identification (sequencing)",1.1,1.5
81016,"Gram positive cocci (other than anaerobic, S. aureus and S. pneumoniae); antibiogram (dilution in broth)",1.1,1.5
81017,"Gram negative cocci (other than anaerobic and Neisseriaceae); identification (sequencing)",1.1,1.5
81020,"Anaerobes; identification (sequencing)",18.81,25.65
81021,"Anaerobes; antibiogram (dilution in agar)",40.7,55.5
81024,"Bacterial identification (16S RNA) (sequencing) on colony",63.8,87
81030,"Campylobacter spp .; confirmation (mass spectrometry - MALDI-TOF, sequencing)",1.1,1.5
81031,"Escherichia coli producer of Shiga-toxins (STEC); O157: H7 and non-mobile O157H; monitoring program",1.1,1.5
81032,"Listeria monocytogenes; monitoring program",1.1,1.5
81033,"Salmonella spp .; monitoring program",1.1,1.5
81034,"Shigella spp .; identification (serotyping, whole genome sequencing)",1.1,1.5
81035,"Vibrio cholerae; identification and serogrouping (phenotypy)",1.1,1.5
81036,"Vibrio cholerae; antibiogram (epsilometry)",1.1,1.5
81038,"Escherichia coli producer of Shiga-toxins (STEC) other than O157; isolation, identification (NAAT, serotyping)",1.1,1.5
81040,"Enterococcus spp .; identification (sequencing)",1.1,1.5
81041,"Enterococcus spp .; antibiogram (microdilution in broth)",1.1,1.5
81042,"Enterococcus spp. ; detection of van A-G genes (NAAT)",1.1,1.5
81043,"Clostridioides difficile (Clostridium difficile) confirmation (NAAT and ribotyping)",1.1,1.5
81044,"Clostridioides difficile (Clostridium difficile); outbreak investigation (typing, EGCP)",1.1,1.5
81045,"Clostridioides difficile (Clostridium difficile); monitoring program",1.1,1.5
81050,"Staphylococcus aureus; mecA and mecC detection (MRSA) (NAAT)",1.1,1.5
81051,"Staphylococcus aureus; PVL detection (NAAT)",1.1,1.5
81052,"Staphylococcus aureus; SARM-AC confirmation (spa typing)",1.1,1.5
81053,"Staphylococcus aureus; tsst-1 toxin detection (NAAT)",1.1,1.5
81054,"Staphylococcus aureus (including MRSA); antibiogram - vancomycin only (microdilution in broth)",1.1,1.5
81055,"Staphylococcus aureus (including MRSA); antibiogram - full panel (microdilution in broth)",1.1,1.5
81056,"Staphylococcus aureus (including MRSA); outbreak investigation (typing, EGCP)",1.1,1.5
81057,"Staphylococcus aureus; MRSA surveillance program",1.1,1.5
81060,"Streptococcus pyogenes; monitoring program (emm sequencing)",1.1,1.5
81063,"Neisseria meningitidis; detection (NAAT) on primary specimen",1.1,1.5
81064,"Neisseria meningitidis; identification (phenotypy) on colony",1.1,1.5
81065,"Neisseria meningitidis; serogrouping (agglutination)",1.1,1.5
81066,"Neisseria meningitidis; antibiogram (microdilution in broth)",1.1,1.5
81067,"Neisseria meningitidis; monitoring program",1.1,1.5
81069,"Neisseria gonorrhoeae; confirmation (NAAT) on primary specimen",25.3,34.5
81070,"Neisseria gonorrhoeae; identification (phenotypy) on colony",1.1,1.5
81071,"Neisseria gonorrhoeae; antibiogram (dilution in agar)",93.5,127.5
81072,"Neisseria gonorrhoeae; monitoring program",1.1,1.5
81073,"Neisseria spp. other than N. gonorrhoeae and N. meningitidis; identification (phenotypy) on colony",1.1,1.5
81074,"Neisseria spp. other than N. gonorrhoeae and N. meningitidis; antibiogram (microdilution in broth)",1.1,1.5
81076,"Neisseria gonorrhoeae; detection (NAAT) on sterile biological fluid",1.1,1.5
81080,"Legionella spp .; detection (NAAT) on primary specimen",1.1,1.5
81081,"Legionella spp .; identification (NAAT, mass spectrometry - MALDI-TOF, serogrouping) on colony",1.1,1.5
81082,"Legionella spp.; outbreak investigation",1.1,1.5
81086,"Bordetella pertussis; identification (phenotypy)",1.1,1.5
81087,"Haemophilus influenzae; detection (NAAT) on primary specimen",1.1,1.5
81088,"Haemophilus influenzae; capsular type determination (NAAT)",1.1,1.5
81089,"Haemophilus influenzae; monitoring program",1.1,1.5
81090,"Streptococcus pneumoniae; detection (NAAT) on primary specimen",1.1,1.5
81091,"Streptococcus pneumoniae; serotyping (Quellung) on colony",1.1,1.5
81092,"Streptococcus pneumoniae; identification (sequencing) on colony",1.1,1.5
81093,"Streptococcus pneumoniae; antibiogram (microdilution in broth)",1.1,1.5
81094,"Streptococcus pneumoniae; monitoring program",1.1,1.5
81099,"Bacterial outbreak investigation (other than S. aureus, C.difficile, Legionella, enteropathogenic) (EGCP, FTIR)",1.1,1.5
82001,"Bacillus anthracis; detection (NAAT) on primary specimen",1.1,1.5
82002,"Bacillus anthracis; identification (NAAT, bacteriophage) on culture * GR3 *",1.1,1.5
82003,"Brucella spp .; identification (NAAT, bacteriophage) on culture * GR3 *",1.1,1.5
82004,"Brucella spp .; detection (antibody)",1.1,1.5
82005,"Burkholderia pseudomallei; detection (NAAT) on primary specimen",1.1,1.5
82006,"Burkholderia pseudomallei; identification (sequencing) on culture * GR3 *",1.1,1.5
82007,"Francisella tularensis; detection (NAAT) on primary specimen",1.1,1.5
82008,"Francisella tularensis; identification (NAAT) on culture * GR3 *",1.1,1.5
82009,"Francisella tularensis; detection (antibody)",1.1,1.5
82010,"Yersinia pestis; detection (NAAT) on primary specimen",1.1,1.5
82011,"Yersinia pestis; identification (TAAN, IF) on culture * GR3 *",1.1,1.5
82012,"Yersinia spp .; detection (antibody)",1.1,1.5
82013,"Clostridium botulinum; isolation, identification, toxinotyping (neutralization)",1.1,1.5
82014,"Brucella spp .; detection (NAAT) on primary specimen",1.1,1.5
82015,"Corynebacterium diphtheriae; toxin research and production (NAAT, Elek test)",1.1,1.5
82016,"Borrelia burgdorferi (Lyme disease acquired in North America); confirmation (IgG immunoblot)",47.3,64.5
82017,"Borrelia burgdorferi (Lyme disease acquired in North America); confirmation (IgM immunoblot)",46.2,63
82018,"Borrelia garinii and Borrelia afzelii (Lyme disease acquired in Europe or Asia); confirmation (IgG immunoblot)",69.3,94.5
82020,"Borrelia burgdorferi (Lyme disease acquired in North America); detection (ELISA IgM/IgG) on serum",7.92,10.8
82021,"Borrelia burgdorferi (Lyme); cerebrospinal fluid (CSF) detection (ELISA IgG)",1.1,1.5
82022,"Borrelia burgdoferi (Lyme); detection and genotyping (NAAT) on primary specimen",1.1,1.5
82023,"Borrelia garinii and Borrelia afzelii (Lyme disease acquired in Europe); detection (ELISA IgM/IgG) on serum",7.92,10.8
82025,"Recurrent borreliosis; detection of the genus Borrelia including B. hermsii and B. miyamotoi (NAAT)",1.1,1.5
82026,"Leptospira spp .; detection (antibody)",1.1,1.5
82027,"Leptospira spp .; detection (NAAT)",1.1,1.5
82028,"Coxiella burnetii (Q fever); detection (NAAT)",1.1,1.5
82029,"Bartonella spp .; detection (NAAT) on primary specimen",1.1,1.5
82030,"Orientia tsutsugamushi; detection (antibody)",1.1,1.5
82031,"Rickettsia spp. (group of purple fevers); detection (antibody)",1.1,1.5
82032,"Rickettsia spp. (group of purple fevers); detection (NAAT)",1.1,1.5
82033,"Rickettsia spp. (typhus group); detection (antibody)",1.1,1.5
82034,"Rickettsia spp. (typhus group); detection (NAAT)",1.1,1.5
82035,"Anaplasma phagocytophilum; detection (antibody)",1.1,1.5
82037,"Ehrlichia chaffeensis; detection (antibody)",1.1,1.5
82038,"Ehrlichia chaffeensis; detection (NAAT)",1.1,1.5
82040,"Syphilis; confirmation (antibody) on serum",1.1,1.5
82041,"Syphilis; detection (VDRL) on LCR",1.1,1.5
82042,"Syphilis; detection (NAAT)",1.1,1.5
82050,"Chlamydia trachomatis LGV; detection and genotyping (NAAT) on primary specimen",29.7,40.5
82051,"Chlamydophila pneumoniae; detection (NAAT) on respiratory specimen",1.1,1.5
82052,"Chlamydophila psittaci; detection (NAAT) on primary specimen",1.1,1.5
82059,"Haemophilus ducreyi; detection (NAAT)",1.1,1.5
82061,"Mycoplasma genitalium; resistance detection (NAAT) on primary specimen",1.1,1.5
83002,"Adenovirus; genotyping (sequencing) on viral isolates",1.1,1.5
83003,"Zika, Dengue, Chikungunya; multiplex detection (NAAT) (multiplex) on serum, CSF, urine, amniotic fluid",30.8,42
83004,"Zika; detection (NAAT) on specimens on placenta",1.1,1.5
83005,"Zika; detection (antibody)",59.4,81
83006,"Dengue; detection (antibody)",46.2,63
83008,"Chikungunya; detection (ELISA IgG) on serum",25.3,34.5
83009,"West Nile virus (WNV); detection (antibody)",1.1,1.5
83010,"West Nile virus (WNV); detection (NAAT) on clinical specimen",1.1,1.5
83011,"California serogroup (Jamestown canyon, Snowshoe hare); detection (antibody)",1.1,1.5
83012,"Cache Valley; detection (antibody)",1.1,1.5
83013,"Powassan; detection (antibody)",1.1,1.5
83014,"Lymphocytic choriomeningitis (VCML); detection (antibody)",1.1,1.5
83015,"Lymphocytic choriomeningitis (VCML); detection (NAAT)",1.1,1.5
83016,"Tick-borne encephalitis; detection (antibody)",1.1,1.5
83017,"Eastern equine encephalitis; detection (antibody)",1.1,1.5
83018,"Japanese encephalitis; detection (antibody)",1.1,1.5
83019,"Yellow fever; detection (antibody)",1.1,1.5
83020,"Hantavirus; detection (antibody)",1.1,1.5
83030,"Hepatitis A (HAV); genotyping (sequencing)",1.1,1.5
83031,"Hepatitis B (HBV); additional test (anti-HBc) (antibody)",1.1,1.5
83032,"Hepatitis B (HBV); confirmation (HBsAg) (antigen)",1.1,1.5
83033,"Hepatitis B (HBV); genotyping (sequencing)",1.1,1.5
83034,"Hepatitis B (HBV); resistance to antivirals (sequencing)",1.1,1.5
83035,"Hepatitis C (HCV); confirmation (anti-HCV) (antibody)",1.1,1.5
83036,"Hepatitis C (HCV); genotyping (sequencing)",1.1,1.5
83037,"Hepatitis C (HCV); resistance to antivirals (sequencing)",1.1,1.5
83038,"Hepatitis D (VHD); detection (NAAT)",1.1,1.5
83039,"Hepatitis D (VHD); viral load (quantitative NAAT)",1.1,1.5
83040,"Hepatitis E (HEV); detection (antibody)",1.1,1.5
83041,"Hepatitis E (HEV); genotyping (sequencing)",1.1,1.5
83042,"Hepatitis D (HDV); detection (antibody)",1.1,1.5
83043,"RITA: Laboratory Tests Algorithm for Identifying Recent HIV Infections",45.1,61.5
83044,"Human immunodeficiency virus (HIV); confirmation (antibody and / or antigen) on serum",1.1,1.5
83046,"Human immunodeficiency virus (HIV); detection and confirmation (p24 antigen)",1.1,1.5
83047,"Human immunodeficiency virus (HIV-1); Proviral DNA (NAAT)",1.1,1.5
83048,"Human immunodeficiency virus (HIV-2); viral load (NAAT)",1.1,1.5
83049,"HTLV 1 and 2; confirmation (antibody)",1.1,1.5
83050,"Influenza A and B; detection (NAAT) on clinical specimen",1.1,1.5
83051,"Influenza A; subtyping (NAAT) on clinical specimen",26.4,36
83052,"Influenza A; antigenic characterization (inhibition of haemagglutination)",1.1,1.5
83053,"Avian influenza A (H5, H7, H9); detection (NAAT) on clinical specimen",1.1,1.5
83054,"Coronavirus (MERS-CoV); detection (NAAT) on clinical specimen",1.1,1.5
83055,"Coronavirus (SARS-CoV-2); detection (NAAT) on clinical specimen",23.1,31.5
83056,"Respiratory pathogens; multiplex detection of 18 viruses and 3 bacteria (approved NAAT); monitoring program",1.1,1.5
83058,"Coronavirus (SARS-CoV-2); confirmation (IgG antibodies) on serum",27.5,37.5
83060,"Viral-looking gastroenteritis; enteric virus detection (NAAT) (multiplex) on clinical specimen",1.1,1.5
83061,"Enteric pathogens; multiplex detection (viruses, bacteria and parasites) (approved NAAT) on clinical specimen",196.9,268.5
83065,"BK / JC polyomavirus; detection (NAAT) on CSF, biopsy",1.1,1.5
83069,"Enterovirus; detection and genotyping (except poliovirus) (NAAT) on clinical specimen",1.1,1.5
83070,"Poliovirus; detection and genotyping (sequencing) on clinical specimen",1.1,1.5
83075,"Herpes B; detection (NAAT)",1.1,1.5
83076,"Varicella Zoster Virus (VZV): Vaccine Strain Genotyping (NAAT)",1.1,1.5
83085,"Measles; genotyping (NAAT) on clinical specimen",1.1,1.5
83086,"Rubella; (IgG) (measure of avidity)",1.1,1.5
83087,"Rubella; detection and genotyping (NAAT)",1.1,1.5
83088,"Mumps; detection and genotyping (NAAT) on clinical specimen",1.1,1.5
83089,"Simian orthopoxvirus; detection (TAAN)",51.7,70.5
83090,"Molluscum contagiosum; detection (NAAT) on clinical specimen",1.1,1.5
83091,"Rage; detection (antibody)",1.1,1.5
83092,"Coronavirus (SARS-CoV-2): confirmation (NAAT) on clinical specimen",1.1,1.5
83093,"Coronavirus (SARS-CoV-2): screening for enhanced surveillance variant",1.1,1.5
83094,"Coronavirus (SARS-CoV-2): priority sequencing",1.1,1.5
84001,"Aerobic actinomycetes; identification (sequencing)",1.1,1.5
84002,"Aerobic actinomycetes; antibiogram (microdilution in broth)",1.1,1.5
84003,"Nocardia spp; identification (sequencing)",1.1,1.5
84004,"Nocardia spp; antibiogram (microdilution in broth)",1.1,1.5
84005,"Mycobacterium tuberculosis; confirmation (deletion, sequencing) on culture * GR3 *",1.1,1.5
84006,"Mycobacterium tuberculosis; antibiogram (critical concentration) on culture * GR3 *",1.1,1.5
84007,"Mycobacterium tuberculosis; rifampicin resistance detection (NAAT) on primary specimen",83.6,114
84008,"Mycobacterium tuberculosis; detection of resistance genes (sequencing)",1.1,1.5
84009,"Mycobacterium tuberculosis; molecular typing (sequencing) on culture * GR3 *",1.1,1.5
84010,"Non-tuberculous mycobacteria; identification (deletion, sequencing)",1.1,1.5
84011,"Non-tuberculous mycobacteria; antibiogram (microdilution in broth)",1.1,1.5
86001,"Intestinal parasites; identification (other than microsporidia) (microscopy)",1.1,1.5
86002,"Cryptosporidium spp .; identification (microscopy)",1.1,1.5
86003,"Cryptosporidium spp .; outbreak investigation (typing)",1.1,1.5
86004,"Microsporidia; identification (microscopy)",1.1,1.5
86005,"Entamoeba histolytica / dispar (amebiasis); detection (NAAT) on clinical specimen",1.1,1.5
86006,"Entamoeba histolytica (amebiasis); detection (antibody)",1.1,1.5
86010,"Worms; identification (microscopy)",1.1,1.5
86011,"Ectoparasites (mites, ticks, lice, fleas, bugs, fly larvae); identification (microscopy)",1.1,1.5
86023,"Baylisascaris procyonis; detection (antibody)",1.1,1.5
86027,"Taenia solium (cysticercosis); detection (antibody)",1.1,1.5
86028,"Taenia solium (cysticercosis); detection (NAAT)",1.1,1.5
86029,"Echinococcus granulosus; identification (microscopy)",1.1,1.5
86030,"Echinococcus granulosus; detection (antibody)",1.1,1.5
86031,"Echinococcus granulosus; detection (NAAT) on clinical specimen",1.1,1.5
86032,"Paragonimus spp .; detection (antibody)",1.1,1.5
86033,"Strongyloides stercoralis; detection (antibody)",1.1,1.5
86035,"Gnathostoma spinigerum; detection (antibody)",1.1,1.5
86036,"Fasciola hepatica; detection (antibody)",1.1,1.5
86051,"Plasmodium sp (malaria); detection (NAAT)",1.1,1.5
86052,"Plasmodium sp (malaria); detection (antibody)",1.1,1.5
86054,"Babesia microti; detection (antibody)",1.1,1.5
86055,"Babesia spp .; detection (NAAT)",1.1,1.5
86064,"Filaria (filariasis): detection (antibody)",1.1,1.5
86069,"Leishmania spp. (culture)",1.1,1.5
86070,"Leishmania spp .; detection (antibody)",1.1,1.5
86071,"Leishmania spp .; detection (NAAT)",1.1,1.5
86072,"Schistosoma spp; identification (microscopy) on primary specimen",1.1,1.5
86073,"Schistosoma spp .; detection (antibody)",1.1,1.5
86074,"Toxocara spp .; detection (antibody)",1.1,1.5
86075,"Trichinella spp .; detection (antibody)",1.1,1.5
86076,"Trypanosoma brucei (African trypanosomiasis); detection (antibody)",1.1,1.5
86077,"Trypanosoma brucei (African trypanosomiasis); detection (NAAT)",1.1,1.5
86078,"Trypanosoma cruzi (American trypanosomiasis); detection (antibody)",1.1,1.5
86079,"Trypanosoma cruzi (American trypanosomiasis); detection (NAAT)",1.1,1.5
86080,"Toxoplasma gondii; confirmation (IgG-IgM) (antibody)",1.1,1.5
86081,"Toxoplasma gondii; avidity (IgG) (antibody)",1.1,1.5
86082,"Toxoplasma gondii; detection (NAAT) on clinical specimen",1.1,1.5
87001,"Yeasts; identification (mass spectrometry - MALDI-TOF, sequencing)",1.1,1.5
87002,"Yeasts; antifongigram (microdilution in broth)",1.1,1.5
87003,"Multidrug-resistant yeast (Candida auris); confirmation (phenotypy)",1.1,1.5
87004,"Yeasts; outbreak investigation (typing)",1.1,1.5
87018,"(1-3)-β-D-glucan in serum (assay)",1.1,1.5
87020,"Filamentous fungi; identification (microscopy, sequencing)",1.1,1.5
87021,"Filamentous fungi; antifongigram (microdilution in broth)",1.1,1.5
87022,"Filamentous fungi; outbreak investigation (typing)",1.1,1.5
87030,"Dimorphic mushrooms; detection (NAAT) on primary specimen * GR3 *",1.1,1.5
87031,"Dimorphic mushrooms; identification (NAAT, microscopy) on colony * GR3 *",1.1,1.5
87034,"Coccidioides immitis; detection (antibody)",69.3,94.5
87050,"Pneumocystis; detection (quantitative NAAT)",57.2,78
87051,"Pneumocystis; outbreak investigation (genotyping)",1.1,1.5
88002,"Dialysis and purified water; bacterial count (filter membrane)",24.2,33
88003,"Dialysis and purified water; bacterial endotoxins (LAL Gel-Clot)",20.68,28.2
88004,"Dialysis and purified water; anions (ion chromatography)",27.5,37.5
88005,"Dialysis and purified water; total residual chlorine (titrimetry)",14.85,20.25
88006,"Dialysis and purified water; total organic carbon (oxidation)",34.1,46.5
88007,"Dialysis and purified water; metals (subcontracted)",147.4,201
88008,"Dialysis and purified water; pH (electrometry)",19.25,26.25
88009,"Dialysis and purified water; conductivity (electrometry)",7.7,10.5
88010,"Dialysis and purified water; reactive silica (colorimetry)",19.47,26.55
88011,"Dialysis and purified water; total hardness (outsourced)",51.7,70.5
90000,"Unlisted procedures (PNR)",1.1,1.5
95000,"Unlisted procedures cost in $$",1.1,1.5
